{"loss": [0.604071855545044, 0.5321667194366455, 0.4821871817111969, 0.45635849237442017, 0.4187287390232086, 0.4179221987724304, 0.3891175389289856, 0.4002084732055664, 0.3825492262840271, 0.3571833074092865, 0.3550601303577423, 0.3593935966491699, 0.3623698651790619, 0.33799874782562256, 0.3452824354171753, 0.3266320526599884, 0.33011412620544434, 0.32098448276519775, 0.32280415296554565, 0.3024645149707794, 0.327726811170578, 0.3158719837665558, 0.3072555959224701, 0.2998832166194916, 0.28653469681739807, 0.30318740010261536, 0.3030999004840851, 0.3029063642024994, 0.282026082277298, 0.29784834384918213, 0.2763684391975403, 0.2987251877784729, 0.28425437211990356, 0.28777971863746643, 0.2596057057380676, 0.2566674053668976, 0.28250405192375183, 0.26140591502189636, 0.265929639339447, 0.2664734125137329, 0.2634153664112091, 0.26155346632003784, 0.27019810676574707, 0.26436877250671387, 0.2651703357696533, 0.25837644934654236, 0.2619425058364868, 0.24312132596969604, 0.2539219558238983, 0.2712898552417755, 0.24829433858394623, 0.26059773564338684, 0.25675278902053833, 0.24945209920406342, 0.25399723649024963, 0.2395247370004654, 0.24885711073875427, 0.24147114157676697, 0.244721919298172, 0.2487790733575821], "accuracy": [0.27439025044441223, 0.38821136951446533, 0.434959352016449, 0.4695121943950653, 0.4979674816131592, 0.5284552574157715, 0.5243902206420898, 0.5487805008888245, 0.542682945728302, 0.5711382031440735, 0.5711382031440735, 0.5853658318519592, 0.5995935201644897, 0.5894308686256409, 0.6016260385513306, 0.5934959053993225, 0.6036585569381714, 0.5548780560493469, 0.6036585569381714, 0.6178861856460571, 0.6138211488723755, 0.607723593711853, 0.6280487775802612, 0.6443089246749878, 0.6219512224197388, 0.619918704032898, 0.642276406288147, 0.6321138143539429, 0.619918704032898, 0.6280487775802612, 0.6056910753250122, 0.642276406288147, 0.6443089246749878, 0.672764241695404, 0.6666666865348816, 0.6686992049217224, 0.6504064798355103, 0.6483739614486694, 0.6565040946006775, 0.6524389982223511, 0.6565040946006775, 0.6768292784690857, 0.6666666865348816, 0.6361788511276245, 0.6585366129875183, 0.6626016497612, 0.6483739614486694, 0.6626016497612, 0.6483739614486694, 0.642276406288147, 0.6463414430618286, 0.6443089246749878, 0.6402438879013062, 0.6707317233085632, 0.6626016497612, 0.6483739614486694, 0.6626016497612, 0.6808943152427673, 0.6585366129875183, 0.6524389982223511], "val_loss": [0.5412654876708984, 0.48714199662208557, 0.4318712055683136, 0.3883605897426605, 0.34768152236938477, 0.31039711833000183, 0.2923341393470764, 0.28489893674850464, 0.27456197142601013, 0.2685350179672241, 0.26722103357315063, 0.2577597498893738, 0.2560911178588867, 0.25900885462760925, 0.2489933967590332, 0.2528228461742401, 0.25081875920295715, 0.24726934731006622, 0.24131044745445251, 0.2499992996454239, 0.24872320890426636, 0.2357843667268753, 0.23450347781181335, 0.24137166142463684, 0.23457220196723938, 0.23556268215179443, 0.2270353138446808, 0.22878603637218475, 0.22718459367752075, 0.22777515649795532, 0.23335087299346924, 0.22732539474964142, 0.22420717775821686, 0.22215865552425385, 0.22121919691562653, 0.2201504409313202, 0.21964450180530548, 0.219102680683136, 0.21849974989891052, 0.2178780883550644, 0.21725520491600037, 0.2163456529378891, 0.21594059467315674, 0.21542370319366455, 0.214718297123909, 0.21407926082611084, 0.21333053708076477, 0.2130047082901001, 0.2128824144601822, 0.21272054314613342, 0.21277737617492676, 0.21188193559646606, 0.21198679506778717, 0.21152392029762268, 0.21118055284023285, 0.21074537932872772, 0.21033723652362823, 0.20990800857543945, 0.2101379632949829, 0.20988304913043976], "val_accuracy": [0.5196850299835205, 0.5196850299835205, 0.6377952694892883, 0.6535432934761047, 0.6456692814826965, 0.6535432934761047, 0.6692913174629211, 0.6771653294563293, 0.6771653294563293, 0.6771653294563293, 0.7165354490280151, 0.6771653294563293, 0.6692913174629211, 0.6614173054695129, 0.6771653294563293, 0.6614173054695129, 0.6692913174629211, 0.6771653294563293, 0.6850393414497375, 0.7007874250411987, 0.748031497001648, 0.7165354490280151, 0.7244094610214233, 0.7322834730148315, 0.7244094610214233, 0.7244094610214233, 0.748031497001648, 0.7637795209884644, 0.7165354490280151, 0.7244094610214233, 0.7086614370346069, 0.7165354490280151, 0.7086614370346069, 0.7086614370346069, 0.7086614370346069, 0.7086614370346069, 0.7086614370346069, 0.7086614370346069, 0.7086614370346069, 0.7086614370346069, 0.7165354490280151, 0.7244094610214233, 0.7244094610214233, 0.7244094610214233, 0.7322834730148315, 0.7322834730148315, 0.7244094610214233, 0.7322834730148315, 0.7244094610214233, 0.6929134130477905, 0.7165354490280151, 0.7165354490280151, 0.7165354490280151, 0.7165354490280151, 0.7244094610214233, 0.7165354490280151, 0.7086614370346069, 0.7007874250411987, 0.7007874250411987, 0.7007874250411987]}