{"loss": [0.5881816148757935, 0.3987283408641815, 0.3347209393978119, 0.31125032901763916, 0.2936601936817169, 0.273309588432312, 0.2751502990722656, 0.2670595049858093, 0.2558898329734802, 0.2515455186367035, 0.2487921267747879, 0.24423867464065552, 0.24058718979358673, 0.2310207337141037, 0.23486283421516418, 0.23374426364898682, 0.22947445511817932, 0.22675465047359467, 0.22431901097297668, 0.22146070003509521, 0.21863995492458344, 0.21813064813613892, 0.2140759974718094, 0.210548996925354, 0.20685312151908875, 0.20248165726661682, 0.19548435509204865, 0.1930142045021057, 0.18808749318122864, 0.18424828350543976, 0.25735336542129517, 0.2135811299085617, 0.20243822038173676, 0.19763635098934174, 0.19447360932826996, 0.19198109209537506, 0.18993517756462097, 0.18401353061199188, 0.18364578485488892, 0.183315709233284, 0.1830170452594757, 0.18274366855621338, 0.1819191575050354, 0.1818932294845581, 0.181867316365242, 0.18184120953083038, 0.1818154901266098, 0.18173111975193024, 0.18172845244407654, 0.1817258894443512], "accuracy": [0.48552337288856506, 0.5100222826004028, 0.5434298515319824, 0.6080178022384644, 0.6124721765518188, 0.5968819856643677, 0.5991091132164001, 0.6080178022384644, 0.6258351802825928, 0.6213808655738831, 0.6236079931259155, 0.6369710564613342, 0.634743869304657, 0.6391982436180115, 0.6146993041038513, 0.6146993041038513, 0.6191536784172058, 0.62806236743927, 0.6325166821479797, 0.634743869304657, 0.634743869304657, 0.6325166821479797, 0.6458797454833984, 0.6481069326400757, 0.6503340601921082, 0.6481069326400757, 0.6458797454833984, 0.6525612473487854, 0.6481069326400757, 0.6503340601921082, 0.6748329401016235, 0.6703786253929138, 0.6592427492141724, 0.6525612473487854, 0.6503340601921082, 0.6525612473487854, 0.6503340601921082, 0.6636971235275269, 0.6636971235275269, 0.6614699363708496, 0.6614699363708496, 0.6614699363708496, 0.6636971235275269, 0.6636971235275269, 0.6636971235275269, 0.6636971235275269, 0.6636971235275269, 0.6636971235275269, 0.6636971235275269, 0.6636971235275269], "val_loss": [0.6331729888916016, 0.537922739982605, 0.5205907821655273, 0.5283886194229126, 0.524864137172699, 0.5676160454750061, 0.5208364725112915, 0.4828822910785675, 0.4943337142467499, 0.4971435070037842, 0.4896177649497986, 0.4885571002960205, 0.48166677355766296, 0.4632093906402588, 0.46870192885398865, 0.4598309397697449, 0.46203377842903137, 0.4581241011619568, 0.4584474265575409, 0.45946091413497925, 0.45504429936408997, 0.4582177996635437, 0.45946523547172546, 0.452995240688324, 0.4494018256664276, 0.46123602986335754, 0.4614490270614624, 0.4700187146663666, 0.4685065448284149, 0.4846610426902771, 0.3657553195953369, 0.3592638671398163, 0.360856831073761, 0.3635718822479248, 0.36548173427581787, 0.36736154556274414, 0.36917683482170105, 0.3680483102798462, 0.367121160030365, 0.36637941002845764, 0.36579638719558716, 0.3653423488140106, 0.3652939200401306, 0.36524635553359985, 0.36520007252693176, 0.36515480279922485, 0.36511021852493286, 0.3651055693626404, 0.3651008605957031, 0.36509600281715393], "val_accuracy": [0.35772356390953064, 0.6666666865348816, 0.5853658318519592, 0.6097561120986938, 0.6016260385513306, 0.6260162591934204, 0.6178861856460571, 0.6585366129875183, 0.6504064798355103, 0.642276406288147, 0.6178861856460571, 0.6178861856460571, 0.6178861856460571, 0.6178861856460571, 0.6341463327407837, 0.6585366129875183, 0.6585366129875183, 0.6504064798355103, 0.6504064798355103, 0.6747967600822449, 0.6829268336296082, 0.6747967600822449, 0.6829268336296082, 0.6829268336296082, 0.6829268336296082, 0.6666666865348816, 0.6747967600822449, 0.6504064798355103, 0.6666666865348816, 0.6585366129875183, 0.6178861856460571, 0.6097561120986938, 0.6097561120986938, 0.6016260385513306, 0.6016260385513306, 0.6016260385513306, 0.6016260385513306, 0.6016260385513306, 0.6016260385513306, 0.6016260385513306, 0.6016260385513306, 0.6016260385513306, 0.6016260385513306, 0.6016260385513306, 0.6016260385513306, 0.6016260385513306, 0.6016260385513306, 0.6016260385513306, 0.6016260385513306, 0.6016260385513306], "lr": [