{"loss": [0.46570470929145813, 0.2826687693595886, 0.22321392595767975, 0.20650675892829895, 0.19280841946601868, 0.18214073777198792, 0.1741926670074463, 0.16863040626049042, 0.1641583889722824, 0.1602180302143097, 0.14983254671096802, 0.4242788851261139, 0.2614562511444092, 0.23823963105678558, 0.22834523022174835, 0.2209080159664154, 0.215538889169693, 0.21109317243099213, 0.20742841064929962, 0.2043031007051468, 0.20161767303943634, 0.19897718727588654, 0.1967146247625351, 0.19447866082191467, 0.1923646777868271, 0.19049344956874847, 0.1886356920003891, 0.1868688464164734, 0.1852971911430359, 0.1835044026374817, 0.1819939911365509, 0.18055950105190277, 0.17912252247333527, 0.17388500273227692, 0.1721884310245514, 0.1709892600774765, 0.17010881006717682, 0.1694498062133789, 0.1689399927854538, 0.16853006184101105, 0.16817381978034973, 0.1678767055273056, 0.1676187813282013, 0.16737575829029083, 0.16713982820510864, 0.16692741215229034, 0.16672305762767792, 0.16652469336986542, 0.16633325815200806, 0.16614021360874176, 0.16595423221588135, 0.1657683402299881, 0.16558292508125305, 0.16540446877479553, 0.16522276401519775, 0.16504886746406555, 0.1648840308189392, 0.16470074653625488, 0.1645433008670807, 0.16437235474586487], "accuracy": [0.4692623019218445, 0.5676229596138, 0.6147540807723999, 0.6413934230804443, 0.6659836173057556, 0.6598360538482666, 0.6700819730758667, 0.6762295365333557, 0.6803278923034668, 0.6946721076965332, 0.7028688788414001, 0.6721311211585999, 0.7151639461517334, 0.7090163826942444, 0.7049180269241333, 0.7090163826942444, 0.7049180269241333, 0.7069672346115112, 0.7069672346115112, 0.7172130942344666, 0.7192623019218445, 0.7192623019218445, 0.7254098653793335, 0.7295082211494446, 0.7315573692321777, 0.7356557250022888, 0.7356557250022888, 0.7336065769195557, 0.7356557250022888, 0.7377049326896667, 0.7397540807723999, 0.743852436542511, 0.743852436542511, 0.75, 0.7479507923126221, 0.7479507923126221, 0.75, 0.7479507923126221, 0.7479507923126221, 0.75, 0.75, 0.75, 0.75, 0.75, 0.7520492076873779, 0.7520492076873779, 0.7540983557701111, 0.7540983557701111, 0.7520492076873779, 0.7520492076873779, 0.7520492076873779, 0.7520492076873779, 0.7520492076873779, 0.7520492076873779, 0.7520492076873779, 0.7520492076873779, 0.7520492076873779, 0.7520492076873779, 0.7520492076873779, 0.7540983557701111], "val_loss": [1.3350634574890137, 1.1328445672988892, 1.0283035039901733, 0.9119595885276794, 0.9024441242218018, 0.8567507863044739, 0.8875704407691956, 0.8953554034233093, 0.8987725377082825, 0.8939672708511353, 0.9383494853973389, 0.2945787310600281, 0.2610234022140503, 0.25105011463165283, 0.2444712072610855, 0.24040338397026062, 0.23715922236442566, 0.234533429145813, 0.23230525851249695, 0.23070736229419708, 0.22933140397071838, 0.2281583696603775, 0.2270885854959488, 0.22619657218456268, 0.2260333001613617, 0.22571159899234772, 0.22546879947185516, 0.22531138360500336, 0.22522294521331787, 0.22530816495418549, 0.22548753023147583, 0.22583411633968353, 0.226173534989357, 0.223984032869339, 0.22238796949386597, 0.22124440968036652, 0.22040694952011108, 0.21977271139621735, 0.21931959688663483, 0.21897903084754944, 0.21871306002140045, 0.2184913456439972, 0.21830053627490997, 0.21814770996570587, 0.21801480650901794, 0.21789921820163727, 0.21779952943325043, 0.2177165150642395, 0.21763744950294495, 0.21756936609745026, 0.21751849353313446, 0.2174711376428604, 0.21742355823516846, 0.21738584339618683, 0.21734905242919922, 0.21732933819293976, 0.21730397641658783, 0.21729253232479095, 0.21728657186031342, 0.21727919578552246], "val_accuracy": [0.24812030792236328, 0.3909774422645569, 0.451127827167511, 0.5939849615097046, 0.6390977501869202, 0.6691729426383972, 0.6691729426383972, 0.6541353464126587, 0.6541353464126587, 0.6541353464126587, 0.6390977501869202, 0.7518796920776367, 0.7593985199928284, 0.7518796920776367, 0.7518796920776367, 0.7518796920776367, 0.7518796920776367, 0.7518796920776367, 0.7443609237670898, 0.7368420958518982, 0.7443609237670898, 0.7443609237670898, 0.7443609237670898, 0.7368420958518982, 0.7368420958518982, 0.7293233275413513, 0.7293233275413513, 0.7293233275413513, 0.7293233275413513, 0.7368420958518982, 0.7218044996261597, 0.7218044996261597, 0.7218044996261597, 0.7368420958518982, 0.7368420958518982, 0.7368420958518982, 0.7368420958518982, 0.7293233275413513, 0.7218044996261597, 0.7218044996261597, 0.7218044996261597, 0.7218044996261597, 0.7218044996261597, 0.7218044996261597, 0.7218044996261597, 0.7218044996261597, 0.7218044996261597, 0.7218044996261597, 0.7142857313156128, 0.7142857313156128, 0.7142857313156128, 0.7142857313156128, 0.7142857313156128, 0.7142857313156128, 0.7142857313156128, 0.7142857313156128, 0.7142857313156128, 0.7142857313156128, 0.7142857313156128, 0.7142857313156128]}