{"loss": [0.44195643067359924, 0.2868098318576813, 0.21095438301563263, 0.19280004501342773, 0.17669805884361267, 0.17475160956382751, 0.1700126826763153, 0.16248682141304016, 0.1699357032775879, 0.17100784182548523, 0.16118961572647095, 0.16682562232017517, 0.17421536147594452, 0.1780811995267868, 0.17611131072044373, 0.17425239086151123, 0.17432960867881775, 0.1783190220594406, 0.17311479151248932, 0.17677077651023865, 0.17908483743667603, 0.17600101232528687, 0.18057622015476227, 0.17271995544433594, 0.1700008064508438, 0.16803793609142303, 0.16752654314041138, 0.17056725919246674, 0.16477519273757935, 0.16832470893859863, 0.17000071704387665, 0.16298294067382812, 0.157872274518013, 0.15755319595336914, 0.16100431978702545, 0.1632693111896515, 0.16021616756916046, 0.151297926902771, 0.15206867456436157, 0.14541736245155334, 0.1440756916999817, 0.1454022228717804, 0.1442878693342209, 0.13691048324108124, 0.13967101275920868, 0.13292478024959564, 0.13444101810455322, 0.1282615214586258, 0.1654636412858963, 0.14342693984508514, 0.1346089094877243, 0.13314500451087952, 0.1268080621957779, 0.12727883458137512, 0.1243627518415451, 0.11640793085098267, 0.12049954384565353, 0.11627552658319473, 0.11801732331514359, 0.1147555485367775], "accuracy": [0.5121951103210449, 0.5731707215309143, 0.6036585569381714, 0.642276406288147, 0.6747967600822449, 0.6646341681480408, 0.6788617968559265, 0.7174796462059021, 0.7296748161315918, 0.7134146094322205, 0.7256097793579102, 0.7052845358848572, 0.6971544623374939, 0.7113820910453796, 0.6788617968559265, 0.6991869807243347, 0.6971544623374939, 0.7154471278190613, 0.7256097793579102, 0.7052845358848572, 0.7235772609710693, 0.7174796462059021, 0.7378048896789551, 0.7296748161315918, 0.7113820910453796, 0.7439024448394775, 0.7459349632263184, 0.707317054271698, 0.7154471278190613, 0.7337398529052734, 0.7601625919342041, 0.7195122241973877, 0.7235772609710693, 0.7479674816131592, 0.7378048896789551, 0.7439024448394775, 0.7459349632263184, 0.75, 0.7479674816131592, 0.7418699264526367, 0.7560975551605225, 0.7459349632263184, 0.7540650367736816, 0.7479674816131592, 0.7378048896789551, 0.7540650367736816, 0.7459349632263184, 0.75, 0.7540650367736816, 0.7581300735473633, 0.7560975551605225, 0.772357702255249, 0.7296748161315918, 0.772357702255249, 0.7642276287078857, 0.7662601470947266, 0.7601625919342041, 0.7642276287078857, 0.7682926654815674, 0.7743902206420898], "val_loss": [1.360107183456421, 1.0365287065505981, 0.9193003177642822, 0.7664896845817566, 0.8588952422142029, 0.7960513830184937, 0.7816278338432312, 0.7708582878112793, 0.7076878547668457, 0.6771654486656189, 0.7214577794075012, 0.6808125972747803, 0.6327374577522278, 0.6600164175033569, 0.5792410969734192, 0.6307846903800964, 0.5484473705291748, 0.5543041825294495, 0.5737763047218323, 0.5834667682647705, 0.5530076026916504, 0.512499213218689, 0.5045471787452698, 0.5580345988273621, 0.5322974324226379, 0.46219176054000854, 0.4803548753261566, 0.44073691964149475, 0.39762911200523376, 0.4412432610988617, 0.41606560349464417, 0.40569987893104553, 0.4296988546848297, 0.3854523003101349, 0.3444809317588806, 0.41544556617736816, 0.3497217297554016, 0.3465193212032318, 0.3473038673400879, 0.3330131769180298, 0.33601656556129456, 0.3313016891479492, 0.29295703768730164, 0.3241880536079407, 0.37418049573898315, 0.3364747166633606, 0.32188063859939575, 0.3350659906864166, 0.26215067505836487, 0.2517803907394409, 0.251892626285553, 0.24650953710079193, 0.24957633018493652, 0.24806979298591614, 0.24427218735218048, 0.24764682352542877, 0.2463979572057724, 0.2483927458524704, 0.24796073138713837, 0.24659235775470734], "val_accuracy": [0.28346458077430725, 0.4015747904777527, 0.4173228442668915, 0.5590550899505615, 0.6062992215156555, 0.6220472455024719, 0.6220472455024719, 0.6299212574958801, 0.6535432934761047, 0.6929134130477905, 0.6456692814826965, 0.5984252095222473, 0.6141732335090637, 0.6377952694892883, 0.6771653294563293, 0.7244094610214233, 0.6850393414497375, 0.6850393414497375, 0.6456692814826965, 0.6692913174629211, 0.7007874250411987, 0.7322834730148315, 0.7401574850082397, 0.7165354490280151, 0.748031497001648, 0.7401574850082397, 0.7401574850082397, 0.748031497001648, 0.748031497001648, 0.7559055089950562, 0.787401556968689, 0.7559055089950562, 0.7165354490280151, 0.7244094610214233, 0.7322834730148315, 0.7716535329818726, 0.7637795209884644, 0.7716535329818726, 0.7795275449752808, 0.7401574850082397, 0.7401574850082397, 0.7716535329818726, 0.748031497001648, 0.7401574850082397, 0.7322834730148315, 0.7795275449752808, 0.7952755689620972, 0.7559055089950562, 0.748031497001648, 0.7401574850082397, 0.7795275449752808, 0.7795275449752808, 0.7795275449752808, 0.7795275449752808, 0.7795275449752808, 0.7795275449752808, 0.7795275449752808, 0.7795275449752808, 0.787401556968689, 0.787401556968689]}