{"loss": [0.5208784341812134, 0.32731807231903076, 0.2890487313270569, 0.26729345321655273, 0.26338547468185425, 0.24964125454425812, 0.24921394884586334, 0.2304166853427887, 0.22322697937488556, 0.2143924981355667, 0.21922679245471954, 0.2099527269601822, 0.2048005312681198, 0.20343734323978424, 0.1954343467950821, 0.19677647948265076, 0.1846592128276825, 0.18353162705898285, 0.17912748456001282, 0.18205180764198303, 0.18420593440532684, 0.1704024374485016, 0.1730228066444397, 0.16001777350902557, 0.16230550408363342, 0.15750207006931305, 0.15503349900245667, 0.15103964507579803, 0.14699552953243256, 0.14940889179706573, 0.14585192501544952, 0.14270418882369995, 0.15498510003089905, 0.13965921103954315, 0.14145278930664062, 0.13325397670269012, 0.12935175001621246, 0.1328793615102768, 0.13077200949192047, 0.12874354422092438, 0.1256725937128067, 0.12167132645845413, 0.12834426760673523, 0.11376354098320007, 0.12920744717121124, 0.12188225239515305, 0.11796282976865768, 0.11725573241710663, 0.12137662619352341, 0.11771795153617859, 0.11667005717754364, 0.11466412991285324, 0.11306710541248322, 0.11772000044584274, 0.11322860419750214, 0.10558165609836578, 0.10850974917411804, 0.10711385309696198, 0.10847090929746628, 0.11180593073368073, 0.10898113250732422, 0.10551763325929642, 0.10683540254831314, 0.10916931927204132, 0.10640935599803925, 0.10521461069583893, 0.09986685961484909, 0.09678293019533157, 0.10481946915388107, 0.10257071256637573, 0.1044573187828064, 0.09793636202812195, 0.0978609248995781, 0.0963573083281517, 0.10314507782459259, 0.09592308104038239, 0.09587346762418747, 0.09741336107254028, 0.09432004392147064, 0.0984773114323616, 0.09329888969659805, 0.0951877236366272, 0.10463971644639969, 0.09875351190567017, 0.09240598231554031, 0.08890503644943237, 0.08988296240568161, 0.09227592498064041, 0.08832801133394241, 0.0933542475104332, 0.0973830372095108, 0.08914785832166672, 0.09512782096862793, 0.0956515371799469, 0.08755005896091461, 0.09151946753263474, 0.09169875830411911, 0.08575351536273956, 0.08528599143028259, 0.090697281062603], "accuracy": [0.4280230402946472, 0.5950096249580383, 0.6602687239646912, 0.7063339948654175, 0.6928982734680176, 0.7197696566581726, 0.7120921015739441, 0.740882933139801, 0.7274472117424011, 0.7389635443687439, 0.7351247668266296, 0.7428023219108582, 0.7236084342002869, 0.7197696566581726, 0.7063339948654175, 0.7140114903450012, 0.725527822971344, 0.6871401071548462, 0.7351247668266296, 0.7063339948654175, 0.7044146060943604, 0.7063339948654175, 0.7063339948654175, 0.6852207183837891, 0.7063339948654175, 0.698656439781189, 0.7024952173233032, 0.6833013296127319, 0.7063339948654175, 0.7063339948654175, 0.7044146060943604, 0.7178502678871155, 0.6775431632995605, 0.7140114903450012, 0.7082533836364746, 0.7024952173233032, 0.6871401071548462, 0.6871401071548462, 0.6948176622390747, 0.7140114903450012, 0.7005758285522461, 0.7063339948654175, 0.7063339948654175, 0.7063339948654175, 0.6890594959259033, 0.7101727724075317, 0.6775431632995605, 0.6909788846969604, 0.698656439781189, 0.7101727724075317, 0.6928982734680176, 0.6852207183837891, 0.6909788846969604, 0.7197696566581726, 0.6871401071548462, 0.6852207183837891, 0.6967370510101318, 0.6833013296127319, 0.7140114903450012, 0.6948176622390747, 0.6871401071548462, 0.7005758285522461, 0.698656439781189, 0.698656439781189, 0.6928982734680176, 0.7216890454292297, 0.7274472117424011, 0.7216890454292297, 0.7293666005134583, 0.6948176622390747, 0.7370441555976868, 0.6967370510101318, 0.698656439781189, 0.7370441555976868, 0.7216890454292297, 0.7178502678871155, 0.698656439781189, 0.7370441555976868, 0.725527822971344, 0.7197696566581726, 0.7044146060943604, 0.7140114903450012, 0.7236084342002869, 0.7159308791160583, 0.7543185949325562, 0.7082533836364746, 0.6948176622390747, 0.7178502678871155, 0.7159308791160583, 0.7216890454292297, 0.7044146060943604, 0.7120921015739441, 0.7274472117424011, 0.7466410994529724, 0.6948176622390747, 0.7351247668266296, 0.7197696566581726, 0.7120921015739441, 0.7178502678871155, 0.7140114903450012], "val_loss": [0.6072379946708679, 0.5995229482650757, 0.5903633236885071, 0.6127058863639832, 0.6048000454902649, 0.5904332995414734, 0.5338554382324219, 0.5569583773612976, 0.5722177624702454, 0.5675620436668396, 0.556995689868927, 0.58134526014328, 0.6235811710357666, 0.5733465552330017, 0.575684130191803, 0.546701967716217, 0.5467287302017212, 0.5545852184295654, 0.5611644387245178, 0.580630898475647, 0.5718391537666321, 0.5323259830474854, 0.5617210865020752, 0.58094322681427, 0.5388251543045044, 0.5235028862953186, 0.5506640076637268, 0.6154940128326416, 0.5687483549118042, 0.5435606241226196, 0.5738938450813293, 0.6319417953491211, 0.5494217872619629, 0.6077542304992676, 0.6445704102516174, 0.6296242475509644, 0.6530672311782837, 0.6609747409820557, 0.6284031271934509, 0.7068794369697571, 0.6768996715545654, 0.7014146447181702, 0.6766530871391296, 0.7674900889396667, 0.6988219618797302, 0.7673442959785461, 0.6935516595840454, 0.6460669636726379, 0.6933303475379944, 0.6924608945846558, 0.7172644138336182, 0.7472606301307678, 0.674487292766571, 0.6919785737991333, 0.7002115845680237, 0.7547211647033691, 0.7393056154251099, 0.7737019062042236, 0.6820711493492126, 0.6964032649993896, 0.7217227816581726, 0.7705699801445007, 0.6959540843963623, 0.679735004901886, 0.6775623559951782, 0.643085241317749, 0.6820876598358154, 0.689642071723938, 0.6747958064079285, 0.6724366545677185, 0.6960506439208984, 0.7094218134880066, 0.7113630175590515, 0.7873575091362, 0.7309913039207458, 0.7179632186889648, 0.7138078808784485, 0.7770745158195496, 0.7965370416641235, 0.8389173746109009, 0.8067997097969055, 0.7805618643760681, 0.7290083169937134, 0.8702724575996399, 0.8698941469192505, 0.931202232837677, 0.877609133720398, 0.8521339893341064, 0.7969873547554016, 1.0144999027252197, 0.8265218734741211, 0.8986137509346008, 0.8430895209312439, 0.7932631969451904, 0.8685147166252136, 0.7143800854682922, 0.8104747533798218, 0.8202124238014221, 0.7692230343818665, 0.8930442929267883],