{"loss": [0.6066139340400696, 0.38466164469718933, 0.3211761713027954, 0.3002413213253021, 0.2963431477546692, 0.3132481575012207, 0.3010362684726715, 0.2773885130882263, 0.2676531970500946, 0.25213053822517395, 0.24654357135295868, 0.24035584926605225, 0.23530153930187225, 0.22955985367298126, 0.4188685715198517, 0.33894026279449463, 0.31503579020500183, 0.3020974099636078, 0.29223302006721497, 0.2862611711025238, 0.2785177230834961, 0.2728930711746216, 0.2680209279060364, 0.2635316550731659, 0.2604343891143799, 0.25684496760368347, 0.2524426281452179, 0.24907256662845612, 0.2455197274684906, 0.24221263825893402, 0.2379387468099594, 0.23554854094982147, 0.2338515818119049, 0.23079094290733337, 0.22895152866840363, 0.22766408324241638, 0.22662805020809174, 0.22582294046878815, 0.2251289188861847, 0.2245563566684723, 0.22396880388259888, 0.223398819565773, 0.22288841009140015, 0.2212303876876831, 0.22117067873477936, 0.22110790014266968, 0.22104783356189728, 0.22098785638809204, 0.22078607976436615, 0.2207801640033722], "accuracy": [0.4844357967376709, 0.5680933594703674, 0.43579766154289246, 0.5564202070236206, 0.5136186480522156, 0.44552528858184814, 0.505836546421051, 0.5564202070236206, 0.5369649529457092, 0.5661478638648987, 0.5719844102859497, 0.5739299654960632, 0.5739299654960632, 0.5739299654960632, 0.5408560037612915, 0.570038914680481, 0.5739299654960632, 0.5739299654960632, 0.5797665119171143, 0.5797665119171143, 0.5778210163116455, 0.5797665119171143, 0.5797665119171143, 0.5797665119171143, 0.5778210163116455, 0.5778210163116455, 0.5778210163116455, 0.575875461101532, 0.5778210163116455, 0.5817120671272278, 0.5817120671272278, 0.5817120671272278, 0.5719844102859497, 0.5719844102859497, 0.5719844102859497, 0.5719844102859497, 0.5719844102859497, 0.5719844102859497, 0.5739299654960632, 0.5739299654960632, 0.575875461101532, 0.575875461101532, 0.5778210163116455, 0.575875461101532, 0.575875461101532, 0.575875461101532, 0.575875461101532, 0.575875461101532, 0.5739299654960632, 0.5739299654960632], "val_loss": [0.6872522830963135, 0.6519067287445068, 0.6246213316917419, 0.694404125213623, 0.602043628692627, 0.7507630586624146, 0.6462708115577698, 0.6856786608695984, 0.5737488865852356, 0.6677668690681458, 0.6537062525749207, 0.6982933878898621, 0.6779748797416687, 0.6381849050521851, 0.48856592178344727, 0.46134451031684875, 0.4502072334289551, 0.43952569365501404, 0.4297948479652405, 0.4170706868171692, 0.4126853942871094, 0.4104567766189575, 0.40785905718803406, 0.4085908830165863, 0.4077290892601013, 0.40483105182647705, 0.40269753336906433, 0.4079412817955017, 0.40628543496131897, 0.4071660339832306, 0.40936893224716187, 0.4093233048915863, 0.403250128030777, 0.4003559350967407, 0.39897170662879944, 0.39830636978149414, 0.398173451423645, 0.39794352650642395, 0.39797839522361755, 0.39826640486717224, 0.3985121250152588, 0.3988201916217804, 0.3987891972064972, 0.39875322580337524, 0.3987618386745453, 0.39875325560569763, 0.39874768257141113, 0.398734986782074, 0.39873194694519043, 0.3987307548522949], "val_accuracy": [0.23577235639095306, 0.27642276883125305, 0.4065040647983551, 0.4471544623374939, 0.24390244483947754, 0.3658536672592163, 0.5040650367736816, 0.43089431524276733, 0.577235758304596, 0.43089431524276733, 0.4878048896789551, 0.5853658318519592, 0.5365853905677795, 0.5040650367736816, 0.6016260385513306, 0.5934959053993225, 0.5934959053993225, 0.5934959053993225, 0.6097561120986938, 0.6260162591934204, 0.6260162591934204, 0.6178861856460571, 0.6178861856460571, 0.6097561120986938, 0.6097561120986938, 0.6097561120986938, 0.6260162591934204, 0.6097561120986938, 0.6097561120986938, 0.6097561120986938, 0.6097561120986938, 0.6097561120986938, 0.6097561120986938, 0.6260162591934204, 0.6260162591934204, 0.6260162591934204, 0.6260162591934204, 0.6260162591934204, 0.6260162591934204, 0.6260162591934204, 0.6260162591934204, 0.6260162591934204, 0.6260162591934204, 0.6260162591934204, 0.6260162591934204, 0.6260162591934204, 0.6260162591934204, 0.6260162591934204, 0.6260162591934204, 0.6260162591934204]}