{"loss": [0.44316935539245605, 0.26895013451576233, 0.1990920752286911, 0.17556197941303253, 0.15967883169651031, 0.15683294832706451, 0.146081805229187, 0.1414436399936676, 0.14250575006008148, 0.1407434195280075, 0.14183415472507477, 0.14291155338287354, 0.14832259714603424, 0.14427334070205688, 0.15105582773685455, 0.14966890215873718, 0.1440819501876831, 0.14036442339420319, 0.38689085841178894, 0.24485312402248383, 0.22188597917556763, 0.21151095628738403, 0.20450906455516815, 0.1992582529783249, 0.19487251341342926, 0.19096435606479645, 0.1875503957271576, 0.1846064031124115, 0.18195012211799622, 0.17931443452835083, 0.1770663857460022, 0.17503616213798523, 0.17309103906154633, 0.17138110101222992, 0.1695563793182373, 0.1680806428194046, 0.16637125611305237, 0.16497492790222168, 0.1635010838508606, 0.16228792071342468, 0.16075202822685242, 0.15961502492427826, 0.15841761231422424, 0.15727528929710388, 0.15040993690490723, 0.14974233508110046, 0.1491892784833908, 0.14871054887771606, 0.14827431738376617, 0.14788386225700378, 0.14755100011825562, 0.1472560167312622, 0.14700627326965332, 0.1467711627483368, 0.14655563235282898, 0.1463594138622284, 0.14616534113883972, 0.14598435163497925, 0.1458054482936859, 0.14562661945819855, 0.1454567164182663, 0.145297110080719, 0.14513766765594482, 0.14498333632946014, 0.14482644200325012, 0.14467495679855347, 0.1445247232913971, 0.1443702131509781, 0.144229456782341, 0.14407603442668915, 0.14393500983715057, 0.14378274977207184, 0.14364415407180786, 0.143497496843338, 0.1433587521314621, 0.14321614801883698, 0.14306600391864777, 0.14292867481708527, 0.1427876353263855, 0.14264991879463196, 0.1425129920244217, 0.1423732489347458, 0.14224670827388763, 0.14209990203380585, 0.14090485870838165, 0.1408890187740326, 0.1408730298280716, 0.1408570557832718, 0.14084115624427795, 0.1407128870487213, 0.1407112032175064, 0.14070965349674225, 0.14070799946784973, 0.14070646464824677, 0.14069348573684692, 0.1406933218240738, 0.14069314301013947, 0.14069302380084991, 0.14069290459156036, 0.14069172739982605], "accuracy": [0.5040650367736816, 0.5955284833908081, 0.6686992049217224, 0.6646341681480408, 0.6646341681480408, 0.6788617968559265, 0.7093495726585388, 0.7235772609710693, 0.727642297744751, 0.7174796462059021, 0.7174796462059021, 0.7032520174980164, 0.707317054271698, 0.7113820910453796, 0.6869918704032898, 0.7052845358848572, 0.7174796462059021, 0.7032520174980164, 0.6686992049217224, 0.6747967600822449, 0.7174796462059021, 0.7357723712921143, 0.7174796462059021, 0.7093495726585388, 0.7154471278190613, 0.7195122241973877, 0.7215447425842285, 0.7235772609710693, 0.7256097793579102, 0.7256097793579102, 0.727642297744751, 0.727642297744751, 0.7317073345184326, 0.7337398529052734, 0.7337398529052734, 0.7337398529052734, 0.7317073345184326, 0.7317073345184326, 0.7296748161315918, 0.727642297744751, 0.727642297744751, 0.727642297744751, 0.727642297744751, 0.7317073345184326, 0.7743902206420898, 0.7784552574157715, 0.7784552574157715, 0.7784552574157715, 0.7804877758026123, 0.7804877758026123, 0.7804877758026123, 0.7804877758026123, 0.7804877758026123, 0.7804877758026123, 0.7804877758026123, 0.7804877758026123, 0.7804877758026123, 0.7804877758026123, 0.7825203537940979, 0.7825203537940979, 0.7825203537940979, 0.7825203537940979, 0.7845528721809387, 0.7825203537940979, 0.7825203537940979, 0.7825203537940979, 0.7845528721809387, 0.7845528721809387, 0.7845528721809387, 0.7845528721809387, 0.7845528721809387, 0.7845528721809387, 0.7845528721809387, 0.7845528721809387, 0.7845528721809387, 0.7845528721809387, 0.7845528721809387, 0.7845528721809387, 0.7845528721809387, 0.7845528721809387, 0.7845528721809387, 0.7845528721809387, 0.7845528721809387, 0.7845528721809387, 0.7845528721809387, 0.7845528721809387, 0.7845528721809387, 0.7845528721809387, 0.7845528721809387, 0.7845528721809387, 0.7845528721809387, 0.7845528721809387, 0.7845528721809387, 0.7845528721809387, 0.7845528721809387, 0.7845528721809387, 0.7845528721809387, 0.7845528721809387, 0.7845528721809387, 0.7845528721809387], "val_loss": [1.3774871826171875, 1.1830984354019165, 0.9743874073028564, 0.9291813373565674, 0.9610942006111145, 0.8409006595611572, 0.8028897047042847, 0.7798521518707275, 0.7585597634315491, 0.7764360308647156, 0.7682942748069763, 0.7548139691352844, 0.7389043569564819, 0.8056219220161438, 0.7821440100669861, 0.7758232355117798, 0.7863648533821106, 0.8094969987869263, 0.3279629945755005, 0.29747119545936584, 0.28437572717666626, 0.2758660316467285, 0.2694340944290161, 0.2640455663204193, 0.2601665258407593, 0.25687235593795776, 0.2540382444858551, 0.25142011046409607, 0.24918334186077118, 0.24758975207805634, 0.24617841839790344, 0.24551227688789368, 0.24492286145687103, 0.24435609579086304, 0.2441682368516922, 0.24364382028579712, 0.24369409680366516, 0.24354086816310883, 0.2433944046497345, 0.24333947896957397, 0.24361099302768707, 0.2434232532978058, 0.2435731589794159, 0.24350617825984955, 0.24267224967479706, 0.24196043610572815, 0.24135807156562805, 0.24083636701107025, 0.24040816724300385, 0.24006828665733337, 0.2397834062576294, 0.23956167697906494, 0.23937292397022247, 0.23921504616737366, 0.23909339308738708, 0.2389729917049408, 0.2388676255941391, 0.23876744508743286, 0.238674134016037, 0.23860518634319305, 0.2385111302137375, 0.23845407366752625, 0.23837104439735413, 0.2383047640323639, 0.23826976120471954, 0.23819249868392944, 0.23817168176174164, 0.23809857666492462, 0.23804081976413727, 0.23803113400936127, 0.23798242211341858, 0.2379695028066635, 0.23794184625148773, 0.23793405294418335, 0.23791220784187317, 0.23788537085056305, 0.23789426684379578, 0.23786012828350067, 0.23782801628112793, 0.2378583699464798, 0.2378348410129547, 0.23781275749206543, 0.2377973198890686, 0.23780912160873413, 0.23780682682991028, 0.2378033995628357, 0.23779991269111633, 0.23779676854610443, 0.23779375851154327, 0.237793430685997, 0.23779313266277313, 0.2377927005290985, 0.23779229819774628, 0.23779185116291046, 0.23779171705245972, 0.23779164254665375, 0.2377915382385254, 0.23779141902923584, 0.2377912998199463, 0.2377912849187851],