{"loss": [0.6249576807022095, 0.5167895555496216, 0.5044729113578796, 0.3903842270374298, 0.3272169828414917, 0.40178412199020386, 0.33036375045776367, 0.36927855014801025, 0.4135388433933258, 0.330034464597702, 0.3176221251487732, 0.3091951310634613, 0.35191720724105835, 0.2815418541431427, 0.2885116934776306, 0.3280836045742035, 0.3092908263206482, 0.3044452965259552, 0.3077944815158844, 0.31200110912323, 0.263108491897583, 0.25544869899749756, 0.2574913203716278, 0.24913348257541656, 0.24705158174037933, 0.2408844381570816, 0.24178768694400787, 0.2512791156768799, 0.2535141408443451, 0.27173715829849243, 0.2683967649936676, 0.28276848793029785, 0.2695883810520172, 0.23886525630950928, 0.23883302509784698, 0.21188770234584808, 0.2393127828836441, 0.24373991787433624, 0.22636137902736664, 0.24109794199466705, 0.2268492728471756, 0.22556445002555847, 0.2273406833410263, 0.2467276155948639, 0.21683698892593384, 0.24789558351039886, 0.21628211438655853, 0.2090834081172943, 0.2094011902809143, 0.2129317969083786], "accuracy": [0.14647378027439117, 0.21880650520324707, 0.3128390610218048, 0.46473780274391174, 0.4321880638599396, 0.2549728751182556, 0.4285714328289032, 0.46292948722839355, 0.2965641915798187, 0.49005424976348877, 0.5497287511825562, 0.5497287511825562, 0.5298372507095337, 0.45207956433296204, 0.4972875118255615, 0.5822784900665283, 0.5840867757797241, 0.6401446461677551, 0.7179023623466492, 0.7486437559127808, 0.7305606007575989, 0.7558770179748535, 0.7142857313156128, 0.7251356244087219, 0.7504521012306213, 0.7287522554397583, 0.7540687322616577, 0.741410493850708, 0.7287522554397583, 0.7377938628196716, 0.6943942308425903, 0.6708860993385315, 0.6871609687805176, 0.6980108618736267, 0.6763110160827637, 0.6817359924316406, 0.7016274929046631, 0.7052441239356995, 0.6871609687805176, 0.6184448599815369, 0.6564195156097412, 0.7016274929046631, 0.6600361466407776, 0.6889692544937134, 0.6889692544937134, 0.6419529914855957, 0.7124773859977722, 0.7088607549667358, 0.7251356244087219, 0.7142857313156128], "val_loss": [0.6892518401145935, 0.6692560315132141, 0.6555916666984558, 0.5993737578392029, 0.6883983016014099, 0.6701069474220276, 0.6033963561058044, 0.6559012532234192, 0.5989275574684143, 0.5484620928764343, 0.6421441435813904, 0.5359302759170532, 0.5289032459259033, 0.6543654203414917, 0.867931067943573, 0.6234113574028015, 0.6179306507110596, 0.5048909783363342, 0.5190703868865967, 0.5788519978523254, 0.6247861385345459, 0.6357498168945312, 0.6292098164558411, 0.611599326133728, 0.6857256293296814, 0.6816268563270569, 0.6779940128326416, 0.7334750294685364, 0.7790157198905945, 0.6555689573287964, 0.6655375957489014, 0.7162689566612244, 0.4489336907863617, 0.46594616770744324, 0.43904390931129456, 0.6242449283599854, 0.47030553221702576, 0.5837150812149048, 0.48602530360221863, 0.5296647548675537, 0.6294144988059998, 0.46807804703712463, 0.47877588868141174, 0.5123194456100464, 0.7106271386146545, 0.5510132908821106, 0.5903790593147278, 0.6795194149017334, 0.636187732219696, 0.616746723651886], "val_accuracy": [0.268456369638443, 0.29530200362205505, 0.26174497604370117, 0.3154362440109253, 0.268456369638443, 0.4161073863506317, 0.4161073863506317, 0.38255032896995544, 0.47651007771492004, 0.38926175236701965, 0.5100671052932739, 0.47651007771492004, 0.5100671052932739, 0.5167785286903381, 0.46979865431785583, 0.5033556818962097, 0.5167785286903381, 0.6577181220054626, 0.48322147130966187, 0.5302013158798218, 0.5234899520874023, 0.5436241626739502, 0.5704697966575623, 0.5503355860710144, 0.5771812200546265, 0.6241610646247864, 0.6510066986083984, 0.5302013158798218, 0.5302013158798218, 0.6107382774353027, 0.5838926434516907, 0.6174496412277222, 0.6979866027832031, 0.6979866027832031, 0.5167785286903381, 0.6442952752113342, 0.6174496412277222, 0.5167785286903381, 0.5771812200546265, 0.6711409687995911, 0.6912751793861389, 0.6442952752113342, 0.5973154306411743, 0.5570470094680786, 0.6577181220054626, 0.6778523325920105, 0.7046979665756226, 0.6644295454025269, 0.6577181220054626, 0.6375839114189148]}