{"loss": [0.5683051943778992, 0.34664109349250793, 0.31526127457618713, 0.2835376262664795, 0.2742593288421631, 0.2603948414325714, 0.24998866021633148, 0.2464478313922882, 0.39695996046066284, 0.3194638788700104, 0.3029460310935974, 0.2939876914024353, 0.287403404712677, 0.2822946012020111, 0.27813419699668884, 0.27451884746551514, 0.2711820900440216, 0.2680504620075226, 0.26533734798431396, 0.2628228962421417, 0.2602860927581787, 0.2580912411212921, 0.25601017475128174, 0.25389212369918823, 0.25198760628700256, 0.2500289976596832, 0.24834473431110382, 0.24652007222175598, 0.2448192834854126, 0.24318893253803253, 0.2406112104654312, 0.23839899897575378, 0.2368355542421341, 0.2356937825679779, 0.23485355079174042, 0.23421919345855713, 0.2337171882390976, 0.2332804650068283, 0.23292464017868042, 0.2326023429632187, 0.23232115805149078, 0.23204219341278076, 0.23179155588150024, 0.23155023157596588, 0.23132763803005219, 0.23109543323516846, 0.23086707293987274, 0.2306513637304306, 0.22938291728496552, 0.22935718297958374], "accuracy": [0.4365256130695343, 0.5055679082870483, 0.5902004241943359, 0.6124721765518188, 0.6057906746864319, 0.6213808655738831, 0.6102449893951416, 0.6258351802825928, 0.6124721765518188, 0.634743869304657, 0.641425371170044, 0.641425371170044, 0.641425371170044, 0.641425371170044, 0.641425371170044, 0.641425371170044, 0.641425371170044, 0.641425371170044, 0.641425371170044, 0.641425371170044, 0.641425371170044, 0.6436525583267212, 0.641425371170044, 0.6436525583267212, 0.6436525583267212, 0.6436525583267212, 0.6458797454833984, 0.6458797454833984, 0.6458797454833984, 0.6458797454833984, 0.6503340601921082, 0.6503340601921082, 0.6503340601921082, 0.6503340601921082, 0.6503340601921082, 0.6503340601921082, 0.6503340601921082, 0.6503340601921082, 0.6503340601921082, 0.6503340601921082, 0.6503340601921082, 0.6503340601921082, 0.6503340601921082, 0.6503340601921082, 0.6458797454833984, 0.6458797454833984, 0.6458797454833984, 0.6458797454833984, 0.6481069326400757, 0.6481069326400757], "val_loss": [0.5582665205001831, 0.5144988298416138, 0.4968983829021454, 0.5097339153289795, 0.5307508707046509, 0.5042163133621216, 0.5207282304763794, 0.5111261010169983, 0.3576538562774658, 0.33770808577537537, 0.3290764391422272, 0.3242110311985016, 0.32091134786605835, 0.31839609146118164, 0.3161381781101227, 0.3146504759788513, 0.31362050771713257, 0.3126184046268463, 0.3118009865283966, 0.3110937774181366, 0.31078359484672546, 0.3106142282485962, 0.3102000951766968, 0.31022000312805176, 0.310088187456131, 0.31006938219070435, 0.31004056334495544, 0.3100125193595886, 0.3101714253425598, 0.31041204929351807, 0.3056342303752899, 0.3023448586463928, 0.3000573515892029, 0.29846012592315674, 0.2973591983318329, 0.29659563302993774, 0.2960740923881531, 0.29571977257728577, 0.2954687476158142, 0.295297235250473, 0.2951771020889282, 0.29508814215660095, 0.29502835869789124, 0.2949945032596588, 0.2949800491333008, 0.29496848583221436, 0.2949680984020233, 0.2949780225753784, 0.29495760798454285, 0.29493799805641174], "val_accuracy": [0.6016260385513306, 0.6585366129875183, 0.6504064798355103, 0.6585366129875183, 0.6016260385513306, 0.6341463327407837, 0.6178861856460571, 0.6260162591934204, 0.6829268336296082, 0.6747967600822449, 0.6747967600822449, 0.6747967600822449, 0.6829268336296082, 0.6829268336296082, 0.6747967600822449, 0.6747967600822449, 0.6747967600822449, 0.6666666865348816, 0.6666666865348816, 0.6666666865348816, 0.6666666865348816, 0.6666666865348816, 0.6666666865348816, 0.6747967600822449, 0.6829268336296082, 0.6829268336296082, 0.6829268336296082, 0.6747967600822449, 0.6747967600822449, 0.6747967600822449, 0.6747967600822449, 0.6910569071769714, 0.6910569071769714, 0.6747967600822449, 0.6747967600822449, 0.6747967600822449, 0.6747967600822449, 0.6747967600822449, 0.6747967600822449, 0.6666666865348816, 0.6666666865348816, 0.6666666865348816, 0.6666666865348816, 0.6666666865348816, 0.6666666865348816, 0.6666666865348816, 0.6666666865348816, 0.6666666865348816, 0.6666666865348816, 0.6666666865348816], "lr": [