{"loss": [0.5981075763702393, 0.5412600040435791, 0.5099303126335144, 0.4713383913040161, 0.46223291754722595, 0.41887763142585754, 0.4088895320892334, 0.40128862857818604, 0.38529130816459656, 0.3774757981300354, 0.35441309213638306, 0.3654671609401703, 0.356027752161026, 0.3451026380062103, 0.3555220663547516, 0.34194767475128174, 0.3224956691265106, 0.3360396921634674, 0.32148557901382446, 0.3199962377548218, 0.317800909280777, 0.3223082721233368, 0.3271857500076294, 0.3273863196372986, 0.2943592369556427, 0.295980840921402, 0.31749463081359863, 0.32342344522476196, 0.2880910634994507, 0.29639357328414917, 0.3293166756629944, 0.2963147461414337, 0.2811669111251831, 0.28306296467781067, 0.3026255667209625, 0.30294910073280334, 0.30251550674438477, 0.27253901958465576, 0.2739607095718384, 0.2843132019042969, 0.26848119497299194, 0.2745037376880646, 0.27077189087867737, 0.2514663338661194, 0.27092498540878296, 0.2671552896499634, 0.26490065455436707, 0.25758934020996094, 0.2715108096599579, 0.28251543641090393, 0.2604939043521881, 0.27694016695022583, 0.25850993394851685, 0.2563113570213318, 0.25920039415359497, 0.25922685861587524, 0.2666378915309906, 0.2641521990299225, 0.2716391682624817, 0.25506165623664856], "accuracy": [0.29471543431282043, 0.34959349036216736, 0.36991870403289795, 0.4247967600822449, 0.44308942556381226, 0.4918699264526367, 0.5182926654815674, 0.5386179089546204, 0.5365853905677795, 0.5406504273414612, 0.5894308686256409, 0.5792682766914368, 0.5813007950782776, 0.5508130192756653, 0.5955284833908081, 0.6036585569381714, 0.5934959053993225, 0.5853658318519592, 0.6036585569381714, 0.6056910753250122, 0.630081295967102, 0.5894308686256409, 0.5975610017776489, 0.6117886304855347, 0.6280487775802612, 0.6239837408065796, 0.6280487775802612, 0.6280487775802612, 0.6321138143539429, 0.619918704032898, 0.5955284833908081, 0.6402438879013062, 0.6483739614486694, 0.6260162591934204, 0.6402438879013062, 0.6402438879013062, 0.6585366129875183, 0.6443089246749878, 0.6504064798355103, 0.6341463327407837, 0.6666666865348816, 0.642276406288147, 0.6463414430618286, 0.6646341681480408, 0.6646341681480408, 0.6544715166091919, 0.6565040946006775, 0.642276406288147, 0.6483739614486694, 0.6666666865348816, 0.6707317233085632, 0.6463414430618286, 0.6463414430618286, 0.6768292784690857, 0.6829268336296082, 0.6829268336296082, 0.6686992049217224, 0.6808943152427673, 0.6382113695144653, 0.6890243887901306], "val_loss": [0.5542104840278625, 0.5012160539627075, 0.4701218605041504, 0.4351901113986969, 0.3820980191230774, 0.35809749364852905, 0.3330240845680237, 0.32207462191581726, 0.30468663573265076, 0.2909173369407654, 0.283433735370636, 0.27644407749176025, 0.2781522274017334, 0.2791857421398163, 0.2704194188117981, 0.26413267850875854, 0.2657680809497833, 0.25935471057891846, 0.2516770660877228, 0.2618979513645172, 0.25665482878685, 0.25258132815361023, 0.2396085560321808, 0.23413066565990448, 0.2440767139196396, 0.25255316495895386, 0.25144654512405396, 0.24188196659088135, 0.2301192581653595, 0.24534371495246887, 0.24020692706108093, 0.24518370628356934, 0.23670847713947296, 0.24280013144016266, 0.23269936442375183, 0.2251967340707779, 0.22175060212612152, 0.21870720386505127, 0.21695324778556824, 0.2152186781167984, 0.2134966403245926, 0.21234413981437683, 0.2121107578277588, 0.21154890954494476, 0.21125555038452148, 0.21038441359996796, 0.2095596343278885, 0.2085762619972229, 0.2079688161611557, 0.2078929990530014, 0.20828789472579956, 0.20899228751659393, 0.20863334834575653, 0.2083057016134262, 0.20813919603824615, 0.20814618468284607, 0.20814695954322815, 0.20808154344558716, 0.2079983651638031, 0.207992285490036], "val_accuracy": [0.4803149700164795, 0.4803149700164795, 0.5039370059967041, 0.6299212574958801, 0.6614173054695129, 0.6535432934761047, 0.6614173054695129, 0.6614173054695129, 0.6692913174629211, 0.6850393414497375, 0.6771653294563293, 0.6850393414497375, 0.6850393414497375, 0.6771653294563293, 0.6771653294563293, 0.6614173054695129, 0.6535432934761047, 0.6692913174629211, 0.6614173054695129, 0.6929134130477905, 0.6771653294563293, 0.6771653294563293, 0.7086614370346069, 0.7244094610214233, 0.6850393414497375, 0.7401574850082397, 0.7007874250411987, 0.6929134130477905, 0.748031497001648, 0.7322834730148315, 0.7401574850082397, 0.748031497001648, 0.7322834730148315, 0.7716535329818726, 0.748031497001648, 0.7401574850082397, 0.7322834730148315, 0.7322834730148315, 0.748031497001648, 0.7401574850082397, 0.7401574850082397, 0.7322834730148315, 0.7244094610214233, 0.7244094610214233, 0.7244094610214233, 0.7244094610214233, 0.7244094610214233, 0.7244094610214233, 0.7244094610214233, 0.7244094610214233, 0.7244094610214233, 0.7244094610214233, 0.7244094610214233, 0.7244094610214233, 0.7244094610214233, 0.7244094610214233, 0.7244094610214233, 0.7244094610214233, 0.7244094610214233, 0.7244094610214233]}