{"loss": [0.5630292892456055, 0.3712484538555145, 0.31581324338912964, 0.2842892110347748, 0.2691762447357178, 0.2588057518005371, 0.2461806684732437, 0.24380962550640106, 0.23575060069561005, 0.22928446531295776, 0.22333064675331116, 0.22356833517551422, 0.21907347440719604, 0.3603043854236603, 0.2944919764995575, 0.27557501196861267, 0.2652324140071869, 0.2582901120185852, 0.2533363103866577, 0.24929192662239075, 0.2459443360567093, 0.243052139878273, 0.24047556519508362, 0.23796117305755615, 0.23559027910232544, 0.23353275656700134, 0.23142339289188385, 0.22592122852802277, 0.2248784899711609, 0.2240608036518097, 0.22340796887874603, 0.22286240756511688, 0.22238759696483612, 0.22197231650352478, 0.2216137945652008, 0.22127434611320496, 0.22095558047294617, 0.2206646054983139, 0.22038401663303375, 0.22012338042259216, 0.21986939013004303, 0.2196207344532013, 0.21938125789165497, 0.21915258467197418, 0.21892742812633514, 0.21870918571949005, 0.21764111518859863, 0.2176169902086258, 0.21759271621704102, 0.2175682932138443], "accuracy": [0.3608017861843109, 0.5634744167327881, 0.570155918598175, 0.6258351802825928, 0.5679287314414978, 0.6213808655738831, 0.6213808655738831, 0.641425371170044, 0.6592427492141724, 0.6592427492141724, 0.6703786253929138, 0.6547884345054626, 0.6570155620574951, 0.6302895545959473, 0.634743869304657, 0.6369710564613342, 0.634743869304657, 0.6369710564613342, 0.6325166821479797, 0.6325166821479797, 0.634743869304657, 0.6369710564613342, 0.6391982436180115, 0.6391982436180115, 0.641425371170044, 0.6436525583267212, 0.6481069326400757, 0.6525612473487854, 0.6525612473487854, 0.6525612473487854, 0.6503340601921082, 0.6525612473487854, 0.6525612473487854, 0.6525612473487854, 0.6525612473487854, 0.6525612473487854, 0.6503340601921082, 0.6503340601921082, 0.6503340601921082, 0.6503340601921082, 0.6503340601921082, 0.6503340601921082, 0.6503340601921082, 0.6503340601921082, 0.6503340601921082, 0.6525612473487854, 0.6503340601921082, 0.6503340601921082, 0.6503340601921082, 0.6503340601921082], "val_loss": [0.567047119140625, 0.5158489942550659, 0.5115670561790466, 0.4960647225379944, 0.5232433676719666, 0.48202013969421387, 0.4991093873977661, 0.4776974022388458, 0.4866296350955963, 0.49554887413978577, 0.4958844482898712, 0.49099481105804443, 0.4905155599117279, 0.35197359323501587, 0.33282631635665894, 0.32445743680000305, 0.31961575150489807, 0.316997230052948, 0.31581899523735046, 0.31499582529067993, 0.3141804337501526, 0.3138207495212555, 0.31384479999542236, 0.3140176832675934, 0.314052551984787, 0.3147331178188324, 0.3150288462638855, 0.312313437461853, 0.31033238768577576, 0.30882081389427185, 0.30768024921417236, 0.3068423271179199, 0.3062093257904053, 0.3057338297367096, 0.305380254983902, 0.3051227033138275, 0.30493783950805664, 0.3047950565814972, 0.30469298362731934, 0.30462393164634705, 0.30457502603530884, 0.3045516908168793, 0.3045404851436615, 0.30454352498054504, 0.304562509059906, 0.30457624793052673, 0.3045594394207001, 0.3045431971549988, 0.3045271039009094, 0.30451181530952454], "val_accuracy": [0.5284552574157715, 0.6585366129875183, 0.6991869807243347, 0.6666666865348816, 0.642276406288147, 0.6910569071769714, 0.6829268336296082, 0.6666666865348816, 0.6666666865348816, 0.6504064798355103, 0.6666666865348816, 0.6747967600822449, 0.6666666865348816, 0.6747967600822449, 0.6666666865348816, 0.6504064798355103, 0.6504064798355103, 0.6504064798355103, 0.6504064798355103, 0.6504064798355103, 0.6504064798355103, 0.6504064798355103, 0.6504064798355103, 0.642276406288147, 0.642276406288147, 0.642276406288147, 0.642276406288147, 0.6585366129875183, 0.6504064798355103, 0.6504064798355103, 0.6504064798355103, 0.6504064798355103, 0.6504064798355103, 0.6504064798355103, 0.6504064798355103, 0.6504064798355103, 0.6504064798355103, 0.6504064798355103, 0.6504064798355103, 0.642276406288147, 0.642276406288147, 0.642276406288147, 0.642276406288147, 0.642276406288147, 0.642276406288147, 0.642276406288147, 0.642276406288147, 0.642276406288147, 0.642276406288147, 0.642276406288147]}