{"loss": [0.5196422338485718, 0.28450900316238403, 0.2551521360874176, 0.22786352038383484, 0.21506255865097046, 0.20405171811580658, 0.1958082914352417, 0.18912044167518616, 0.1852937638759613, 0.18011827766895294, 0.17554783821105957, 0.326188325881958, 0.2351112812757492, 0.22030934691429138, 0.2124919295310974, 0.20683863759040833, 0.20234985649585724, 0.19875572621822357, 0.19541943073272705, 0.1924583613872528, 0.18972821533679962, 0.18718044459819794, 0.1847405880689621, 0.1825113445520401, 0.1805262714624405, 0.17767517268657684, 0.17586393654346466, 0.1746678650379181, 0.17379778623580933, 0.17312085628509521, 0.17259415984153748, 0.1721479296684265, 0.17177417874336243, 0.1714249849319458, 0.17110003530979156, 0.170797199010849, 0.1705067902803421, 0.17022742331027985, 0.16996200382709503, 0.16864758729934692, 0.16861729323863983, 0.16858674585819244, 0.16855622828006744, 0.16852600872516632, 0.16838166117668152, 0.16837869584560394, 0.16837559640407562, 0.16837260127067566, 0.16836950182914734, 0.16835510730743408, 0.1683548092842102, 0.16835461556911469, 0.16835430264472961, 0.16835401952266693, 0.1683526635169983, 0.1683526486158371, 0.1683526188135147, 0.16835258901119232, 0.16835255920886993, 0.16835254430770874, 0.16835254430770874, 0.16835254430770874, 0.16835254430770874, 0.16835254430770874, 0.16835254430770874, 0.16835254430770874, 0.16835254430770874, 0.16835254430770874, 0.16835254430770874, 0.16835254430770874, 0.16835252940654755, 0.16835252940654755, 0.16835252940654755, 0.16835254430770874, 0.16835254430770874, 0.16835254430770874, 0.16835254430770874, 0.16835254430770874, 0.16835254430770874, 0.16835254430770874, 0.16835252940654755, 0.16835252940654755, 0.16835254430770874, 0.16835254430770874, 0.16835254430770874, 0.16835254430770874, 0.16835254430770874, 0.16835254430770874, 0.16835254430770874, 0.16835252940654755, 0.16835252940654755, 0.16835252940654755, 0.16835254430770874, 0.16835254430770874, 0.16835252940654755, 0.16835252940654755, 0.16835252940654755, 0.16835252940654755, 0.16835252940654755, 0.16835252940654755], "accuracy": [0.454365074634552, 0.625, 0.6686508059501648, 0.6746031641960144, 0.7083333134651184, 0.738095223903656, 0.7480158805847168, 0.75, 0.7698412537574768, 0.7539682388305664, 0.761904776096344, 0.6805555820465088, 0.7142857313156128, 0.7182539701461792, 0.7182539701461792, 0.716269850730896, 0.7222222089767456, 0.7242063283920288, 0.72817462682724, 0.72817462682724, 0.72817462682724, 0.7321428656578064, 0.7321428656578064, 0.7341269850730896, 0.7460317611694336, 0.7420634627342224, 0.7400793433189392, 0.7400793433189392, 0.7400793433189392, 0.7420634627342224, 0.7420634627342224, 0.7460317611694336, 0.7460317611694336, 0.7440476417541504, 0.7440476417541504, 0.7440476417541504, 0.7440476417541504, 0.7440476417541504, 0.7440476417541504, 0.7460317611694336, 0.7460317611694336, 0.7460317611694336, 0.7460317611694336, 0.7460317611694336, 0.7460317611694336, 0.7460317611694336, 0.7460317611694336, 0.7460317611694336, 0.7460317611694336, 0.7460317611694336, 0.7460317611694336, 0.7460317611694336, 0.7460317611694336, 0.7460317611694336, 0.7460317611694336, 0.7460317611694336, 0.7460317611694336, 0.7460317611694336, 0.7460317611694336, 0.7460317611694336, 0.7460317611694336, 0.7460317611694336, 0.7460317611694336, 0.7460317611694336, 0.7460317611694336, 0.7460317611694336, 0.7460317611694336, 0.7460317611694336, 0.7460317611694336, 0.7460317611694336, 0.7460317611694336, 0.7460317611694336, 0.7460317611694336, 0.7460317611694336, 0.7460317611694336, 0.7460317611694336, 0.7460317611694336, 0.7460317611694336, 0.7460317611694336, 0.7460317611694336, 0.7460317611694336, 0.7460317611694336, 0.7460317611694336, 0.7460317611694336, 0.7460317611694336, 0.7460317611694336, 0.7460317611694336, 0.7460317611694336, 0.7460317611694336, 0.7460317611694336, 0.7460317611694336, 0.7460317611694336, 0.7460317611694336, 0.7460317611694336, 0.7460317611694336, 0.7460317611694336, 0.7460317611694336, 0.7460317611694336, 0.7460317611694336, 0.7460317611694336], "val_loss": [0.8235832452774048, 0.7911868095397949, 0.7751066088676453, 0.7500966191291809, 0.687846302986145, 0.669963002204895, 0.6789188981056213, 0.692790150642395, 0.6829598546028137, 0.6947240233421326, 0.6974390149116516, 0.3211975395679474, 0.29951414465904236, 0.29118412733078003, 0.2866196036338806, 0.2838718891143799, 0.2823990285396576, 0.2816496193408966, 0.2815328538417816, 0.2817777693271637, 0.28214406967163086, 0.28278207778930664, 0.28365060687065125, 0.2844278812408447, 0.28093746304512024, 0.2786690592765808, 0.2771843373775482, 0.27617964148521423, 0.2754775583744049, 0.274997740983963, 0.27467483282089233, 0.27446675300598145, 0.2743261456489563, 0.27422472834587097, 0.27418053150177, 0.27416884899139404, 0.27418243885040283, 0.2742132842540741, 0.27423977851867676, 0.27423200011253357, 0.27422404289245605, 0.2742156982421875, 0.2742086946964264, 0.2742019295692444, 0.2742009460926056, 0.27420005202293396, 0.27419909834861755, 0.2741983234882355, 0.27419742941856384, 0.2741972506046295, 0.2741970121860504, 0.2741968333721161, 0.2741967737674713, 0.27419644594192505, 0.27419641613960266, 0.27419644594192505, 0.2741965055465698, 0.2741965055465698, 0.27419647574424744, 0.27419647574424744, 0.27419647574424744, 0.27419647574424744, 0.27419647574424744, 0.27419647574424744, 0.27419647574424744, 0.27419647574424744, 0.27419647574424744, 0.27419647574424744, 0.27419647574424744, 0.27419647574424744, 0.27419647574424744, 0.27419647574424744, 0.27419647574424744, 0.27419647574424744, 0.27419647574424744, 0.27419647574424744, 0.27419647574424744, 0.27419647574424744, 0.27419644594192505, 0.27419644594192505, 0.27419644594192505, 0.27419647574424744, 0.27419647574424744, 0.27419647574424744, 0.27419647574424744, 0.27419647574424744, 0.27419647574424744, 0.27419644594192505, 0.27419644594192505, 0.27419644594192505, 0.27419644594192505, 0.27419644594192505, 0.27419644594192505, 0.27419644594192505, 0.27419647574424744, 0.27419647574424744, 0.27419647574424744, 0.27419647574424744, 0.27419647574424744, 0.27419647574424744],