{"loss": [0.6900694966316223, 0.6784684062004089, 0.6545790433883667, 0.6129795908927917, 0.5674333572387695, 0.5369632840156555, 0.5174363851547241, 0.500356912612915, 0.483044296503067, 0.46597743034362793, 0.4488723874092102, 0.4319226145744324, 0.41552630066871643, 0.39964398741722107, 0.38497692346572876, 0.37153270840644836, 0.359418123960495, 0.34838998317718506, 0.338874876499176, 0.3299790322780609, 0.3219816982746124, 0.31492096185684204, 0.30848637223243713, 0.30258700251579285, 0.29715386033058167, 0.29207348823547363, 0.2875271737575531, 0.2833804786205292, 0.2795688807964325, 0.27602124214172363, 0.27280864119529724, 0.26979127526283264, 0.2669270932674408, 0.2642434537410736, 0.26183316111564636, 0.25946393609046936, 0.2573361098766327, 0.25533193349838257, 0.25341808795928955, 0.2517530024051666, 0.2500227987766266, 0.24814452230930328, 0.24651499092578888, 0.24482840299606323, 0.24342423677444458, 0.24201278388500214, 0.24061909317970276, 0.2392406016588211, 0.2379884272813797, 0.23673386871814728, 0.23548412322998047, 0.23445069789886475, 0.23342344164848328, 0.23227091133594513, 0.23110456764698029, 0.22992879152297974, 0.22889170050621033, 0.22772669792175293, 0.22669248282909393, 0.22580213844776154, 0.2246655523777008, 0.22360093891620636, 0.22268451750278473, 0.2218107134103775, 0.22085560858249664, 0.21993331611156464, 0.21903768181800842, 0.21818490326404572, 0.2172718346118927, 0.2163294553756714, 0.21542216837406158, 0.21465620398521423, 0.21389298141002655, 0.21299028396606445, 0.2121727466583252, 0.21125245094299316, 0.21053209900856018, 0.20981797575950623, 0.20904727280139923, 0.20823727548122406, 0.20744183659553528, 0.20664891600608826, 0.20587848126888275, 0.20510590076446533, 0.20448382198810577, 0.20362435281276703, 0.2028605043888092, 0.20216548442840576, 0.2015351951122284, 0.2008170634508133, 0.20018596947193146, 0.19941958785057068, 0.1987612247467041, 0.1980734020471573, 0.19735825061798096, 0.19673049449920654, 0.19607698917388916, 0.19538182020187378, 0.19474659860134125, 0.19403615593910217], "accuracy": [0.1341991275548935, 0.17748917639255524, 0.20129869878292084, 0.20779220759868622, 0.3095238208770752, 0.3398268520832062, 0.36796537041664124, 0.4025973975658417, 0.40909090638160706, 0.4220779240131378, 0.4285714328289032, 0.469696968793869, 0.5216450095176697, 0.5476190447807312, 0.5692640542984009, 0.5800865888595581, 0.5692640542984009, 0.5692640542984009, 0.5735930800437927, 0.5822510719299316, 0.5844155550003052, 0.5952380895614624, 0.6233766078948975, 0.6255411505699158, 0.6320346593856812, 0.6341991424560547, 0.6385281682014465, 0.6428571343421936, 0.6471861600875854, 0.649350643157959, 0.6515151262283325, 0.6536796689033508, 0.6536796689033508, 0.6580086350440979, 0.6580086350440979, 0.6580086350440979, 0.6601731777191162, 0.6623376607894897, 0.6645021438598633, 0.6666666865348816, 0.6666666865348816, 0.6666666865348816, 0.6666666865348816, 0.6666666865348816, 0.6688311696052551, 0.6709956526756287, 0.673160195350647, 0.673160195350647, 0.673160195350647, 0.673160195350647, 0.673160195350647, 0.6753246784210205, 0.677489161491394, 0.677489161491394, 0.677489161491394, 0.677489161491394, 0.6796537041664124, 0.6796537041664124, 0.6796537041664124, 0.6818181872367859, 0.6839826703071594, 0.6839826703071594, 0.6861472129821777, 0.6861472129821777, 0.6861472129821777, 0.6861472129821777, 0.6861472129821777, 0.6861472129821777, 0.6883116960525513, 0.6904761791229248, 0.6904761791229248, 0.6926407217979431, 0.6926407217979431, 0.6926407217979431, 0.6948052048683167, 0.6948052048683167, 0.6948052048683167, 0.6948052048683167, 0.6926407217979431, 0.6926407217979431, 0.6926407217979431, 0.6926407217979431, 0.6948052048683167, 0.6926407217979431, 0.6926407217979431, 0.6948052048683167, 0.6948052048683167, 0.6948052048683167, 0.6948052048683167, 0.6969696879386902, 0.6969696879386902, 0.6969696879386902, 0.6969696879386902, 0.6969696879386902, 0.6969696879386902, 0.6969696879386902, 0.6991341710090637, 0.701298713684082, 0.6991341710090637, 0.701298713684082], "val_loss": [0.6849719882011414, 0.6685887575149536, 0.6361197829246521, 0.5872548818588257, 0.5487397909164429, 0.5251314640045166, 0.5060361623764038, 0.4875810742378235, 0.4693465232849121, 0.45148757100105286, 0.434267520904541, 0.4169922471046448, 0.40024009346961975, 0.38453879952430725, 0.37031522393226624, 0.3570687770843506, 0.3451553285121918, 0.334850549697876, 0.3253677785396576, 0.31675291061401367, 0.30922412872314453, 0.30226391553878784, 0.2957935631275177, 0.28981250524520874, 0.2843553125858307, 0.27926918864250183, 0.2745046019554138, 0.27043792605400085, 0.26666492223739624, 0.26323410868644714, 0.25998932123184204, 0.2569127678871155, 0.25404655933380127, 0.2514810562133789, 0.24906255304813385, 0.2467319220304489, 0.24473540484905243, 0.24264797568321228, 0.24080155789852142, 0.23912294209003448, 0.2375539243221283, 0.23609040677547455, 0.23457080125808716, 0.23320095241069794, 0.23186789453029633, 0.2304932028055191, 0.22941456735134125, 0.2282238006591797, 0.22714863717556, 0.22604458034038544, 0.22503352165222168, 0.22396504878997803, 0.22286459803581238, 0.22175583243370056, 0.22070731222629547, 0.2198578268289566, 0.2188170850276947, 0.2179274708032608, 0.21715378761291504, 0.21614573895931244, 0.2154179960489273, 0.2146967649459839, 0.2139902561903, 0.21341700851917267, 0.21284803748130798, 0.21234719455242157, 0.2118436098098755, 0.2113618403673172, 0.21097193658351898, 0.2105831354856491, 0.21024441719055176, 0.20980596542358398, 0.20937834680080414, 0.2089596390724182, 0.20858576893806458, 0.2082110196352005, 0.2078319787979126, 0.20738264918327332, 0.20700804889202118, 0.20648221671581268, 0.20619775354862213, 0.205746591091156, 0.20540112257003784, 0.2051147222518921, 0.20473740994930267, 0.204557865858078, 0.20434042811393738, 0.20420579612255096, 0.20397859811782837, 0.20378966629505157, 0.20365329086780548, 0.20344913005828857, 0.20324388146400452, 0.203077495098114, 0.20297668874263763, 0.20281268656253815, 0.20269392430782318, 0.2025415003299713, 0.2024669051170349, 0.20244863629341125],