{"loss": [0.5065070986747742, 0.2899511754512787, 0.222019225358963, 0.2060956507921219, 0.20627030730247498, 0.20534735918045044, 0.20416250824928284, 0.20270882546901703, 0.19379767775535583, 0.1931009441614151, 0.19031301140785217, 0.1907825469970703, 0.18430152535438538, 0.17884811758995056, 0.17020125687122345, 0.16194026172161102, 0.1586650013923645, 0.1470198631286621, 0.14444386959075928, 0.1431838572025299, 0.13991768658161163, 0.13967669010162354, 0.1378750056028366, 0.13500933349132538, 0.128986656665802, 0.12610182166099548, 0.12645909190177917, 0.21136954426765442, 0.15816381573677063, 0.13821075856685638, 0.12906810641288757, 0.12381061166524887, 0.12021616846323013, 0.11734947562217712, 0.11494419723749161, 0.11282840371131897, 0.11094578355550766, 0.10935205221176147, 0.10758669674396515, 0.1024278774857521, 0.10175756365060806, 0.10121424496173859, 0.10076353698968887, 0.10035710036754608, 0.09945160895586014, 0.09940780699253082, 0.09936398267745972, 0.09932053089141846, 0.0992773249745369, 0.0991809219121933, 0.09917666763067245, 0.09917235374450684, 0.09916796535253525, 0.09916368871927261, 0.09915394335985184, 0.09915352612733841, 0.09915319085121155, 0.09915278851985931, 0.09915238618850708, 0.09915147721767426], "accuracy": [0.5179063081741333, 0.6556473970413208, 0.7245178818702698, 0.7630854249000549, 0.7796143293380737, 0.7961432337760925, 0.8154270052909851, 0.7851239442825317, 0.8154270052909851, 0.8264462947845459, 0.8319559097290039, 0.8071625232696533, 0.8181818127632141, 0.8099173307418823, 0.8181818127632141, 0.8181818127632141, 0.8154270052909851, 0.8236914873123169, 0.8181818127632141, 0.8209366202354431, 0.8236914873123169, 0.8429751992225647, 0.8374655842781067, 0.8429751992225647, 0.8512396812438965, 0.8402203917503357, 0.8292011022567749, 0.7906336188316345, 0.8071625232696533, 0.8154270052909851, 0.8154270052909851, 0.8292011022567749, 0.8347107172012329, 0.8429751992225647, 0.8457300066947937, 0.8484848737716675, 0.8512396812438965, 0.8512396812438965, 0.8512396812438965, 0.8319559097290039, 0.8292011022567749, 0.8292011022567749, 0.8264462947845459, 0.8292011022567749, 0.8292011022567749, 0.8292011022567749, 0.8292011022567749, 0.8292011022567749, 0.8292011022567749, 0.8292011022567749, 0.8292011022567749, 0.8292011022567749, 0.8292011022567749, 0.8292011022567749, 0.8292011022567749, 0.8292011022567749, 0.8292011022567749, 0.8292011022567749, 0.8292011022567749, 0.8292011022567749], "val_loss": [1.1471556425094604, 0.9826406836509705, 0.8989860415458679, 0.7295406460762024, 0.6543729305267334, 0.5971560478210449, 0.5798697471618652, 0.5856838822364807, 0.5529438257217407, 0.5138754844665527, 0.5361255407333374, 0.4977368414402008, 0.5176239609718323, 0.46062347292900085, 0.4954981207847595, 0.43229854106903076, 0.4429396390914917, 0.4527556598186493, 0.44306305050849915, 0.4334838390350342, 0.42497897148132324, 0.42228907346725464, 0.4222088158130646, 0.4408683776855469, 0.44027653336524963, 0.4642837643623352, 0.4869854748249054, 0.429536908864975, 0.41293296217918396, 0.4040614068508148, 0.3995845913887024, 0.3963980972766876, 0.3946874141693115, 0.3945716917514801, 0.39459314942359924, 0.39535748958587646, 0.39679014682769775, 0.3984493017196655, 0.4000791311264038, 0.4003421664237976, 0.4006839096546173, 0.4010777771472931, 0.40142005681991577, 0.4017570912837982, 0.40179529786109924, 0.40183213353157043, 0.40186867117881775, 0.40190544724464417, 0.4019422233104706, 0.4019456207752228, 0.40194931626319885, 0.40195292234420776, 0.4019566476345062, 0.40196025371551514, 0.401960551738739, 0.4019606411457062, 0.40196067094802856, 0.4019610583782196, 0.40196114778518677, 0.40196114778518677], "val_accuracy": [0.14000000059604645, 0.4000000059604645, 0.6100000143051147, 0.6399999856948853, 0.6399999856948853, 0.7200000286102295, 0.7200000286102295, 0.75, 0.75, 0.7300000190734863, 0.7300000190734863, 0.7300000190734863, 0.7300000190734863, 0.7400000095367432, 0.699999988079071, 0.7599999904632568, 0.7599999904632568, 0.7200000286102295, 0.75, 0.75, 0.75, 0.7699999809265137, 0.7400000095367432, 0.75, 0.75, 0.7400000095367432, 0.7300000190734863, 0.7799999713897705, 0.7699999809265137, 0.800000011920929, 0.800000011920929, 0.800000011920929, 0.800000011920929, 0.800000011920929, 0.800000011920929, 0.8100000023841858, 0.8100000023841858, 0.8100000023841858, 0.8100000023841858, 0.8100000023841858, 0.8100000023841858, 0.8100000023841858, 0.8100000023841858, 0.8100000023841858, 0.8100000023841858, 0.8100000023841858, 0.8100000023841858, 0.8100000023841858, 0.8100000023841858, 0.8100000023841858, 0.8100000023841858, 0.8100000023841858, 0.8100000023841858, 0.8100000023841858, 0.8100000023841858, 0.8100000023841858, 0.8100000023841858, 0.8100000023841858, 0.8100000023841858, 0.8100000023841858]}