{"loss": [0.5606474876403809, 0.3613497316837311, 0.3132097125053406, 0.2963138818740845, 0.2835230529308319, 0.27149319648742676, 0.2624041736125946, 0.25874191522598267, 0.2518262565135956, 0.24777492880821228, 0.24638217687606812, 0.2393513321876526, 0.37914443016052246, 0.3069241940975189, 0.293803870677948, 0.28146636486053467, 0.27579694986343384, 0.2729041576385498, 0.26892322301864624, 0.2604627311229706, 0.25980672240257263, 0.2603786289691925, 0.25501343607902527, 0.24857677519321442, 0.24951663613319397, 0.2495182603597641, 0.24710071086883545, 0.24253831803798676, 0.23843581974506378, 0.24241600930690765, 0.2390935868024826, 0.24180977046489716, 0.24324089288711548, 0.2372819483280182, 0.2412700057029724, 0.23781880736351013, 0.23727460205554962, 0.24024759232997894, 0.24041098356246948, 0.23579886555671692, 0.24292002618312836, 0.23961776494979858, 0.24133072793483734, 0.2388133704662323, 0.23936671018600464, 0.2393943965435028, 0.2333351969718933, 0.2380504310131073, 0.23506863415241241, 0.23456451296806335, 0.24163253605365753, 0.23640890419483185, 0.23691248893737793, 0.2395421266555786, 0.23649396002292633, 0.2369057983160019, 0.23092442750930786, 0.24118934571743011, 0.2399267554283142, 0.2335304170846939, 0.23983363807201385, 0.23494495451450348, 0.2334965169429779, 0.23252737522125244, 0.23761917650699615, 0.23375824093818665, 0.23177002370357513, 0.23846609890460968, 0.23633868992328644, 0.23666934669017792, 0.2324264645576477, 0.23618373274803162, 0.23792687058448792, 0.2428562045097351, 0.23110996186733246, 0.23077566921710968, 0.23734226822853088, 0.23034241795539856, 0.2332753986120224, 0.23533958196640015, 0.23631665110588074, 0.23490719497203827, 0.23256008327007294, 0.23645459115505219, 0.23393501341342926, 0.2341596633195877, 0.23263171315193176, 0.23866669833660126, 0.23704981803894043, 0.23484405875205994, 0.2309625744819641, 0.2306160032749176, 0.23895788192749023, 0.23317798972129822, 0.23605133593082428, 0.23898643255233765, 0.23317308723926544, 0.23697182536125183, 0.23857007920742035, 0.2348768413066864], "accuracy": [0.4832962155342102, 0.525612473487854, 0.5478841662406921, 0.5657015442848206, 0.6146993041038513, 0.6302895545959473, 0.62806236743927, 0.6169264912605286, 0.634743869304657, 0.6592427492141724, 0.6213808655738831, 0.6325166821479797, 0.6191536784172058, 0.62806236743927, 0.6102449893951416, 0.6124721765518188, 0.6191536784172058, 0.6236079931259155, 0.6213808655738831, 0.6191536784172058, 0.6146993041038513, 0.6236079931259155, 0.6236079931259155, 0.6258351802825928, 0.62806236743927, 0.6258351802825928, 0.6481069326400757, 0.641425371170044, 0.634743869304657, 0.6391982436180115, 0.634743869304657, 0.634743869304657, 0.6391982436180115, 0.6369710564613342, 0.634743869304657, 0.6391982436180115, 0.6302895545959473, 0.6325166821479797, 0.6369710564613342, 0.62806236743927, 0.6258351802825928, 0.6236079931259155, 0.6302895545959473, 0.62806236743927, 0.6302895545959473, 0.6369710564613342, 0.6302895545959473, 0.641425371170044, 0.6391982436180115, 0.634743869304657, 0.6302895545959473, 0.634743869304657, 0.6236079931259155, 0.6481069326400757, 0.6458797454833984, 0.6391982436180115, 0.62806236743927, 0.6458797454833984, 0.6302895545959473, 0.6325166821479797, 0.634743869304657, 0.6458797454833984, 0.62806236743927, 0.6325166821479797, 0.6213808655738831, 0.6302895545959473, 0.634743869304657, 0.6325166821479797, 0.641425371170044, 0.6258351802825928, 0.62806236743927, 0.6369710564613342, 0.62806236743927, 0.6325166821479797, 0.62806236743927, 0.62806236743927, 0.641425371170044, 0.62806236743927, 0.6570155620574951, 0.6369710564613342, 0.6391982436180115, 0.6391982436180115, 0.641425371170044, 0.6325166821479797, 0.641425371170044, 0.6547884345054626, 0.6547884345054626, 0.634743869304657, 0.6391982436180115, 0.6547884345054626, 0.6436525583267212, 0.6325166821479797, 0.6325166821479797, 0.641425371170044, 0.6213808655738831, 0.6191536784172058, 0.62806236743927, 0.62806236743927, 0.641425371170044, 0.6325166821479797], "val_loss": [0.581606924533844, 0.5281524062156677, 0.5095386505126953, 0.508173942565918, 0.5547049641609192, 0.5070286393165588, 0.5053460597991943, 0.5576900243759155, 0.5120038390159607, 0.5196511149406433, 0.5069509744644165, 0.5197908878326416, 0.35777610540390015, 0.3361470401287079, 0.3272150456905365, 0.3204893171787262, 0.32153522968292236, 0.32075148820877075, 0.32024386525154114, 0.3198164105415344, 0.3186279535293579, 0.32109299302101135, 0.3185550272464752, 0.320796936750412, 0.3242514431476593, 0.3235390782356262, 0.3208063840866089, 0.31856629252433777, 0.31663209199905396, 0.315856009721756, 0.314428448677063, 0.3132956922054291, 0.31250011920928955, 0.3120557367801666, 0.3117210566997528, 0.31158018112182617, 0.3111787736415863, 0.3113795220851898, 0.3106894791126251, 0.3099198639392853, 0.3096742033958435, 0.3100186884403229, 0.3100540041923523, 0.3105100989341736, 0.3103877604007721, 0.310452938079834, 0.31042423844337463, 0.31038087606430054, 0.3103720545768738, 0.3103483021259308, 0.3103067874908447, 0.31030237674713135, 0.3103009760379791, 0.3102978467941284, 0.31029343605041504, 0.31029143929481506, 0.31029072403907776, 0.3102906048297882, 0.3102899491786957, 0.31029003858566284, 0.3102896809577942, 0.3102896809577942, 0.3102896809577942, 0.3102896809577942, 0.3102896511554718, 0.3102896809577942, 0.3102896809577942, 0.3102896809577942, 0.3102896809577942, 0.3102896809577942, 0.3102896809577942, 0.3102896809577942, 0.3102896809577942, 0.3102896809577942, 0.3102896809577942, 0.3102896809577942, 0.3102896809577942, 0.3102896809577942, 0.3102896809577942, 0.3102896809577942, 0.3102896809577942, 0.3102896809577942, 0.3102896809577942, 0.3102896809577942, 0.3102896809577942, 0.3102896809577942, 0.3102896809577942, 0.3102896809577942, 0.3102896809577942, 0.3102896809577942, 0.3102896809577942, 0.3102896809577942, 0.3102896809577942, 0.3102896809577942, 0.3102896809577942, 0.3102896809577942, 0.3102896809577942, 0.3102896809577942, 0.3102896809577942, 0.3102896809577942],