{"loss": [0.5778083801269531, 0.46668824553489685, 0.3335392475128174, 0.310956209897995, 0.3030403256416321, 0.2967183291912079, 0.290661096572876, 0.282180517911911, 0.2761071026325226, 0.25682127475738525, 0.2705199420452118, 0.2519797682762146, 0.24305592477321625, 0.23589706420898438, 0.22638565301895142, 0.2222961187362671, 0.21122001111507416, 0.20306254923343658, 0.19559721648693085, 0.19077275693416595, 0.18699099123477936, 0.18099457025527954, 0.1737195998430252, 0.1690312772989273, 0.16422800719738007, 0.17587587237358093, 0.1473047137260437, 0.13885056972503662, 0.13367226719856262, 0.12995925545692444, 0.12717591226100922, 0.1247519701719284, 0.12277248501777649, 0.12089337408542633, 0.11958349496126175, 0.11820505559444427, 0.11689642816781998, 0.11571529507637024, 0.11471124738454819, 0.10845188051462173, 0.10814769566059113, 0.10785753279924393, 0.10759534686803818, 0.10733640193939209, 0.1065148413181305, 0.106488898396492, 0.10646331310272217, 0.10643764585256577, 0.10641202330589294, 0.10632764548063278, 0.10632496327161789, 0.10632234811782837, 0.10631975531578064, 0.10631707310676575, 0.10630861669778824, 0.10630844533443451, 0.1063082367181778, 0.10630796104669571, 0.10630775988101959, 0.10630695521831512], "accuracy": [0.5635592937469482, 0.7203390002250671, 0.8177965879440308, 0.8686440587043762, 0.8771186470985413, 0.8813559412956238, 0.8771186470985413, 0.8728813529014587, 0.8728813529014587, 0.8771186470985413, 0.8728813529014587, 0.8813559412956238, 0.8771186470985413, 0.8771186470985413, 0.8728813529014587, 0.8686440587043762, 0.8601694703102112, 0.8601694703102112, 0.8601694703102112, 0.8644067645072937, 0.8644067645072937, 0.8644067645072937, 0.8601694703102112, 0.8601694703102112, 0.8601694703102112, 0.8516949415206909, 0.8644067645072937, 0.8686440587043762, 0.8686440587043762, 0.8686440587043762, 0.8644067645072937, 0.8644067645072937, 0.8601694703102112, 0.8601694703102112, 0.8601694703102112, 0.8601694703102112, 0.8601694703102112, 0.8601694703102112, 0.8601694703102112, 0.8601694703102112, 0.8601694703102112, 0.8601694703102112, 0.8601694703102112, 0.8644067645072937, 0.8644067645072937, 0.8644067645072937, 0.8644067645072937, 0.8644067645072937, 0.8644067645072937, 0.8644067645072937, 0.8644067645072937, 0.8644067645072937, 0.8644067645072937, 0.8644067645072937, 0.8644067645072937, 0.8644067645072937, 0.8644067645072937, 0.8644067645072937, 0.8644067645072937, 0.8644067645072937], "val_loss": [1.2933541536331177, 0.6102123260498047, 0.5641900897026062, 0.5559141039848328, 0.5364403128623962, 0.4979110062122345, 0.45554110407829285, 0.4146599769592285, 0.38033145666122437, 0.42391952872276306, 0.36691638827323914, 0.3452624976634979, 0.3340151309967041, 0.3219447433948517, 0.3107300102710724, 0.2940227687358856, 0.2921910583972931, 0.2855873107910156, 0.2888987362384796, 0.2801356613636017, 0.2934064567089081, 0.2869693636894226, 0.28773021697998047, 0.28778618574142456, 0.2957408130168915, 0.28701114654541016, 0.28696873784065247, 0.28381869196891785, 0.28141623735427856, 0.27940183877944946, 0.2779723107814789, 0.27710556983947754, 0.27634698152542114, 0.27621692419052124, 0.27684998512268066, 0.2777360677719116, 0.2789056599140167, 0.2802234888076782, 0.28185078501701355, 0.2822566628456116, 0.28263911604881287, 0.2829699218273163, 0.28327351808547974, 0.2835509777069092, 0.28358063101768494, 0.28360992670059204, 0.2836388349533081, 0.28366783261299133, 0.2836965322494507, 0.2836996018886566, 0.28370270133018494, 0.28370586037635803, 0.28370898962020874, 0.28371211886405945, 0.28371235728263855, 0.28371259570121765, 0.28371286392211914, 0.28371310234069824, 0.28371328115463257, 0.28371328115463257], "val_accuracy": [0.4225352108478546, 0.5211267471313477, 0.7887324094772339, 0.8732394576072693, 0.9014084339141846, 0.9577465057373047, 0.9577465057373047, 0.9436619877815247, 0.9436619877815247, 0.9295774698257446, 0.9295774698257446, 0.9436619877815247, 0.9436619877815247, 0.9436619877815247, 0.9154929518699646, 0.9295774698257446, 0.9295774698257446, 0.9154929518699646, 0.9154929518699646, 0.9014084339141846, 0.9014084339141846, 0.8873239159584045, 0.8873239159584045, 0.8873239159584045, 0.8873239159584045, 0.8873239159584045, 0.8873239159584045, 0.8873239159584045, 0.8873239159584045, 0.8873239159584045, 0.8873239159584045, 0.8873239159584045, 0.8873239159584045, 0.8873239159584045, 0.8873239159584045, 0.8873239159584045, 0.8873239159584045, 0.8873239159584045, 0.8873239159584045, 0.8873239159584045, 0.8873239159584045, 0.9014084339141846, 0.9014084339141846, 0.9014084339141846, 0.9014084339141846, 0.9014084339141846, 0.9014084339141846, 0.9014084339141846, 0.9014084339141846, 0.9014084339141846, 0.9014084339141846, 0.9014084339141846, 0.9014084339141846, 0.9014084339141846, 0.9014084339141846, 0.9014084339141846, 0.9014084339141846, 0.9014084339141846, 0.9014084339141846, 0.9014084339141846]}