{"loss": [0.5481631755828857, 0.3857819736003876, 0.32866349816322327, 0.28998538851737976, 0.30036628246307373, 0.30336087942123413, 0.2971789836883545, 0.264663964509964, 0.4202423393726349, 0.3471510410308838, 0.3258509635925293, 0.316129207611084, 0.3089976906776428, 0.3021179735660553, 0.2984137535095215, 0.2927359938621521, 0.2873097062110901, 0.28214913606643677, 0.27879786491394043, 0.2753671109676361, 0.2727454602718353, 0.26935967803001404, 0.266992449760437, 0.26475515961647034, 0.26255181431770325, 0.26015451550483704, 0.2577921748161316, 0.2556573748588562, 0.2532314360141754, 0.25160571932792664, 0.25782671570777893, 0.24947042763233185, 0.24563384056091309, 0.2437242865562439, 0.24257075786590576, 0.2417595386505127, 0.24113976955413818, 0.24060764908790588, 0.24015258252620697, 0.23971807956695557, 0.2392934113740921, 0.23893095552921295, 0.23854988813400269, 0.2382051944732666, 0.23607833683490753, 0.2360290288925171, 0.23598158359527588, 0.23593415319919586, 0.23588791489601135, 0.2356327772140503], "accuracy": [0.5634744167327881, 0.4454343020915985, 0.6481069326400757, 0.5478841662406921, 0.6659242510795593, 0.532293975353241, 0.641425371170044, 0.5567928552627563, 0.6258351802825928, 0.6302895545959473, 0.62806236743927, 0.6213808655738831, 0.6213808655738831, 0.6236079931259155, 0.6236079931259155, 0.6236079931259155, 0.6258351802825928, 0.6236079931259155, 0.6191536784172058, 0.6191536784172058, 0.6213808655738831, 0.6191536784172058, 0.6236079931259155, 0.6213808655738831, 0.6213808655738831, 0.6236079931259155, 0.6213808655738831, 0.6213808655738831, 0.6236079931259155, 0.6236079931259155, 0.6302895545959473, 0.62806236743927, 0.6258351802825928, 0.6258351802825928, 0.6258351802825928, 0.6236079931259155, 0.6236079931259155, 0.6236079931259155, 0.6258351802825928, 0.6258351802825928, 0.6258351802825928, 0.6258351802825928, 0.6258351802825928, 0.6258351802825928, 0.6302895545959473, 0.6302895545959473, 0.6302895545959473, 0.6302895545959473, 0.6302895545959473, 0.6302895545959473], "val_loss": [0.6907336711883545, 0.666843831539154, 0.5168657898902893, 0.6186521053314209, 0.6422293782234192, 0.6539807915687561, 0.5514444708824158, 0.5786809325218201, 0.4072437882423401, 0.37162870168685913, 0.3605180084705353, 0.3544767200946808, 0.350033164024353, 0.3469593822956085, 0.34724360704421997, 0.3445442020893097, 0.34582915902137756, 0.34568431973457336, 0.3453773558139801, 0.3437926173210144, 0.34371519088745117, 0.3428395986557007, 0.3435024917125702, 0.34367990493774414, 0.34208157658576965, 0.34378141164779663, 0.3449786901473999, 0.3433420956134796, 0.34437987208366394, 0.34546807408332825, 0.3272618055343628, 0.3188149333000183, 0.3148096799850464, 0.31285563111305237, 0.3118197023868561, 0.3112483322620392, 0.3110249936580658, 0.3109356164932251, 0.3108676075935364, 0.31100431084632874, 0.31108060479164124, 0.3111644983291626, 0.31115955114364624, 0.31125780940055847, 0.3111657202243805, 0.3110780715942383, 0.31099334359169006, 0.31091320514678955, 0.3108387291431427, 0.31083014607429504], "val_accuracy": [0.0731707289814949, 0.3252032399177551, 0.5121951103210449, 0.5203251838684082, 0.5447154641151428, 0.5040650367736816, 0.6585366129875183, 0.5528455376625061, 0.6829268336296082, 0.6666666865348816, 0.6666666865348816, 0.6666666865348816, 0.6585366129875183, 0.6585366129875183, 0.6504064798355103, 0.6504064798355103, 0.6504064798355103, 0.6504064798355103, 0.642276406288147, 0.6341463327407837, 0.6341463327407837, 0.6341463327407837, 0.6341463327407837, 0.6341463327407837, 0.6341463327407837, 0.6341463327407837, 0.6341463327407837, 0.6341463327407837, 0.6341463327407837, 0.6341463327407837, 0.6260162591934204, 0.6260162591934204, 0.6178861856460571, 0.6178861856460571, 0.6178861856460571, 0.6178861856460571, 0.6178861856460571, 0.6178861856460571, 0.6178861856460571, 0.6178861856460571, 0.6178861856460571, 0.6178861856460571, 0.6178861856460571, 0.6260162591934204, 0.6260162591934204, 0.6260162591934204, 0.6260162591934204, 0.6178861856460571, 0.6178861856460571, 0.6178861856460571]}