{"loss": [0.4974757730960846, 0.30778300762176514, 0.2636979818344116, 0.2435859739780426, 0.23693668842315674, 0.21859820187091827, 0.36962372064590454, 0.2806561589241028, 0.2625134587287903, 0.25266048312187195, 0.2458515465259552, 0.24052610993385315, 0.23610298335552216, 0.23239675164222717, 0.22890031337738037, 0.22580797970294952, 0.2228887528181076, 0.2200620472431183, 0.21739883720874786, 0.2194068878889084, 0.21419529616832733, 0.21120214462280273, 0.20934270322322845, 0.20810483396053314, 0.2072443962097168, 0.2065759301185608, 0.20604605972766876, 0.20559394359588623, 0.20518150925636292, 0.20479696989059448, 0.20443740487098694, 0.20409655570983887, 0.2037649303674698, 0.2034401297569275, 0.20312009751796722, 0.20280824601650238, 0.20128504931926727, 0.20124749839305878, 0.2012098729610443, 0.20117269456386566, 0.20113572478294373, 0.20096050202846527, 0.2009568065404892, 0.20095303654670715, 0.20094940066337585, 0.200945645570755, 0.20092788338661194, 0.20092755556106567, 0.2009272575378418, 0.20092692971229553, 0.20092658698558807, 0.2009248286485672, 0.200924813747406, 0.2009247988462448, 0.200924813747406, 0.2009247988462448, 0.20092476904392242, 0.20092476904392242, 0.20092478394508362, 0.20092478394508362], "accuracy": [0.44807693362236023, 0.6230769157409668, 0.7096154093742371, 0.7250000238418579, 0.7153846025466919, 0.7346153855323792, 0.6346153616905212, 0.6942307949066162, 0.6903846263885498, 0.6961538195610046, 0.6980769038200378, 0.699999988079071, 0.699999988079071, 0.7057692408561707, 0.7096154093742371, 0.7096154093742371, 0.7115384340286255, 0.7115384340286255, 0.7153846025466919, 0.732692301273346, 0.7307692170143127, 0.7269230484962463, 0.7288461327552795, 0.7288461327552795, 0.7269230484962463, 0.7269230484962463, 0.7269230484962463, 0.7230769395828247, 0.7230769395828247, 0.7211538553237915, 0.7230769395828247, 0.7230769395828247, 0.7230769395828247, 0.7230769395828247, 0.7250000238418579, 0.7250000238418579, 0.7307692170143127, 0.7307692170143127, 0.7307692170143127, 0.7307692170143127, 0.7307692170143127, 0.7307692170143127, 0.7307692170143127, 0.7307692170143127, 0.7307692170143127, 0.7307692170143127, 0.7307692170143127, 0.7307692170143127, 0.7307692170143127, 0.7307692170143127, 0.7307692170143127, 0.7307692170143127, 0.7307692170143127, 0.7307692170143127, 0.7307692170143127, 0.7307692170143127, 0.7307692170143127, 0.7307692170143127, 0.7307692170143127, 0.7307692170143127], "val_loss": [0.563551664352417, 0.5909250974655151, 0.6134923100471497, 0.6192100048065186, 0.5986320972442627, 0.638653039932251, 0.33000022172927856, 0.30009445548057556, 0.28965309262275696, 0.28424718976020813, 0.2812052369117737, 0.2795412242412567, 0.2784678041934967, 0.2778985798358917, 0.27795639634132385, 0.27792152762413025, 0.27807149291038513, 0.278312623500824, 0.2788099944591522, 0.271709680557251, 0.26781174540519714, 0.2654968798160553, 0.26406607031822205, 0.2631389796733856, 0.2625337541103363, 0.2621389925479889, 0.2618749141693115, 0.2616855204105377, 0.2615581452846527, 0.261476069688797, 0.2614276111125946, 0.26139941811561584, 0.2613939344882965, 0.2613869309425354, 0.26138991117477417, 0.2613992393016815, 0.2613894045352936, 0.261380136013031, 0.2613711655139923, 0.26136305928230286, 0.26135537028312683, 0.2613544464111328, 0.2613535225391388, 0.2613525986671448, 0.26135164499282837, 0.26135075092315674, 0.2613506317138672, 0.2613504230976105, 0.26135024428367615, 0.26135003566741943, 0.2613499164581299, 0.2613499164581299, 0.2613498568534851, 0.2613498866558075, 0.26134994626045227, 0.2613498866558075, 0.2613498866558075, 0.2613498866558075, 0.2613498866558075, 0.2613498866558075], "val_accuracy": [0.4751773178577423, 0.6170212626457214, 0.5460993051528931, 0.5531914830207825, 0.6241135001182556, 0.609929084777832, 0.695035457611084, 0.7234042286872864, 0.758865237236023, 0.758865237236023, 0.7659574747085571, 0.7659574747085571, 0.7659574747085571, 0.7659574747085571, 0.7730496525764465, 0.7730496525764465, 0.7730496525764465, 0.7730496525764465, 0.7730496525764465, 0.7730496525764465, 0.7659574747085571, 0.7659574747085571, 0.758865237236023, 0.758865237236023, 0.7517730593681335, 0.7517730593681335, 0.7517730593681335, 0.7517730593681335, 0.73758864402771, 0.73758864402771, 0.73758864402771, 0.7304964661598206, 0.7304964661598206, 0.7304964661598206, 0.7304964661598206, 0.7304964661598206, 0.7304964661598206, 0.7304964661598206, 0.7304964661598206, 0.7304964661598206, 0.7304964661598206, 0.7304964661598206, 0.7304964661598206, 0.7304964661598206, 0.7304964661598206, 0.7304964661598206, 0.7304964661598206, 0.7304964661598206, 0.7304964661598206, 0.7304964661598206, 0.7304964661598206, 0.7304964661598206, 0.7304964661598206, 0.7304964661598206, 0.7304964661598206, 0.7304964661598206, 0.7304964661598206, 0.7304964661598206, 0.7304964661598206, 0.7304964661598206]}