{"loss": [0.6901935935020447, 0.6808721423149109, 0.6590028405189514, 0.6170883774757385, 0.5742838382720947, 0.5507662892341614, 0.53498774766922, 0.5188805460929871, 0.5032113790512085, 0.48773255944252014, 0.4725691080093384, 0.4576930105686188, 0.4441416263580322, 0.4313454329967499, 0.42030787467956543, 0.4097486138343811, 0.3998623490333557, 0.3907298743724823, 0.38252967596054077, 0.37476828694343567, 0.36782175302505493, 0.3615548014640808, 0.3554123640060425, 0.34965968132019043, 0.344710111618042, 0.3399023115634918, 0.3355306088924408, 0.33156633377075195, 0.32745975255966187, 0.3233087658882141, 0.3193758428096771, 0.31546634435653687, 0.3114800453186035, 0.3079088032245636, 0.30440831184387207, 0.30123767256736755, 0.29806244373321533, 0.2953539490699768, 0.29262420535087585, 0.289851576089859, 0.2873673737049103, 0.284755140542984, 0.2823730707168579, 0.28005191683769226, 0.27746012806892395, 0.2753293514251709, 0.2730848491191864, 0.2707640826702118, 0.26892516016960144, 0.2668357193470001, 0.26477324962615967, 0.26167920231819153, 0.2590485215187073, 0.257585734128952, 0.255717009305954, 0.25390246510505676, 0.2523716986179352, 0.2503969967365265, 0.24894295632839203, 0.24739407002925873, 0.24619409441947937, 0.24468261003494263, 0.24339593946933746, 0.24228402972221375, 0.2409517616033554, 0.23986119031906128, 0.23863893747329712, 0.2374209612607956, 0.23633095622062683, 0.23547184467315674, 0.23446787893772125, 0.23363910615444183, 0.23261123895645142, 0.23184673488140106, 0.23093293607234955, 0.2300928831100464, 0.22919245064258575, 0.22834141552448273, 0.2275061309337616, 0.22675219178199768, 0.2259576916694641, 0.22517691552639008, 0.22450730204582214, 0.22352901101112366, 0.22267906367778778, 0.22179053723812103, 0.2210119664669037, 0.22040987014770508, 0.2199128270149231, 0.21910549700260162, 0.21847769618034363, 0.2178269922733307, 0.21729540824890137, 0.21654090285301208, 0.21602368354797363, 0.21540699899196625, 0.2146182805299759, 0.21403101086616516, 0.21344195306301117, 0.2128881961107254], "accuracy": [0.19308942556381226, 0.2195121943950653, 0.18089431524276733, 0.17276422679424286, 0.17886178195476532, 0.2195121943950653, 0.28455284237861633, 0.4471544623374939, 0.4796747863292694, 0.4898374080657959, 0.5060975551605225, 0.5203251838684082, 0.5284552574157715, 0.5365853905677795, 0.5345528721809387, 0.5365853905677795, 0.5365853905677795, 0.5386179089546204, 0.5406504273414612, 0.5406504273414612, 0.5406504273414612, 0.5406504273414612, 0.542682945728302, 0.542682945728302, 0.5447154641151428, 0.5447154641151428, 0.5447154641151428, 0.5467479825019836, 0.5467479825019836, 0.5467479825019836, 0.5528455376625061, 0.5548780560493469, 0.565040647983551, 0.577235758304596, 0.5813007950782776, 0.5833333134651184, 0.5853658318519592, 0.5873983502388, 0.6056910753250122, 0.6138211488723755, 0.6280487775802612, 0.6321138143539429, 0.6361788511276245, 0.6402438879013062, 0.6443089246749878, 0.6443089246749878, 0.6483739614486694, 0.6483739614486694, 0.6504064798355103, 0.6504064798355103, 0.6504064798355103, 0.6504064798355103, 0.6524389982223511, 0.6524389982223511, 0.6524389982223511, 0.6565040946006775, 0.6565040946006775, 0.6565040946006775, 0.6605691313743591, 0.6605691313743591, 0.6605691313743591, 0.6646341681480408, 0.6646341681480408, 0.6666666865348816, 0.6666666865348816, 0.6666666865348816, 0.6686992049217224, 0.6686992049217224, 0.6707317233085632, 0.6707317233085632, 0.6707317233085632, 0.6707317233085632, 0.6707317233085632, 0.6707317233085632, 0.6707317233085632, 0.672764241695404, 0.672764241695404, 0.6747967600822449, 0.6747967600822449, 0.6768292784690857, 0.6768292784690857, 0.6768292784690857, 0.6768292784690857, 0.6788617968559265, 0.6788617968559265, 0.6788617968559265, 0.6788617968559265, 0.6788617968559265, 0.6788617968559265, 0.6788617968559265, 0.6788617968559265, 0.6788617968559265, 0.6768292784690857, 0.6768292784690857, 0.6768292784690857, 0.6768292784690857, 0.6747967600822449, 0.6747967600822449, 0.6788617968559265, 0.6788617968559265], "val_loss": [0.6862406134605408, 0.6721975803375244, 0.6389608383178711, 0.59051513671875, 0.5572962164878845, 0.538994312286377, 0.5221105217933655, 0.5063409209251404, 0.490132600069046, 0.4734843969345093, 0.45663467049598694, 0.4414478838443756, 0.4273318946361542, 0.41451066732406616, 0.403175950050354, 0.3926945626735687, 0.38250765204429626, 0.3732667565345764, 0.3645751178264618, 0.35688379406929016, 0.3497258722782135, 0.3432670533657074, 0.33667483925819397, 0.3309071362018585, 0.32561758160591125, 0.3209078013896942, 0.3166683316230774, 0.3126445412635803, 0.30876240134239197, 0.3053405284881592, 0.3018694519996643, 0.29845911264419556, 0.2950025200843811, 0.2916470468044281, 0.2885710597038269, 0.28554752469062805, 0.28288835287094116, 0.28016185760498047, 0.2775408625602722, 0.2750466465950012, 0.27257806062698364, 0.2703709900379181, 0.2680886387825012, 0.26584383845329285, 0.26375654339790344, 0.2616364657878876, 0.2596074938774109, 0.2577684223651886, 0.2558889389038086, 0.25405749678611755, 0.2519757151603699, 0.25254011154174805, 0.25192317366600037, 0.2489473521709442, 0.24649128317832947, 0.2446025013923645, 0.24256877601146698, 0.2409590482711792, 0.23933464288711548, 0.23796866834163666, 0.23648282885551453, 0.2352631837129593, 0.23404160141944885, 0.23271431028842926, 0.23184379935264587, 0.23083148896694183, 0.23002593219280243, 0.22915960848331451, 0.22835303843021393, 0.22759252786636353, 0.2267821729183197, 0.22595000267028809, 0.22527894377708435, 0.2244795709848404, 0.22372600436210632, 0.22299253940582275, 0.22238321602344513, 0.22174005210399628, 0.22116459906101227, 0.22054342925548553, 0.2199023813009262, 0.21928192675113678, 0.21859483420848846, 0.2179969996213913, 0.21738050878047943, 0.21688634157180786, 0.216391921043396, 0.2158147394657135, 0.215077742934227, 0.2145264744758606, 0.21392981708049774, 0.21343141794204712, 0.21292027831077576, 0.2126852124929428, 0.21237711608409882, 0.21207116544246674, 0.2119559794664383, 0.21167846024036407, 0.21145719289779663, 0.21117134392261505],