{"loss": [0.525190532207489, 0.5373268723487854, 0.39405640959739685, 0.454170823097229, 0.3731994330883026, 0.3583056926727295, 0.3283880949020386, 0.2515191435813904, 0.21735945343971252, 0.20073293149471283, 0.2982757091522217, 0.284649521112442, 0.731837272644043, 0.4028623104095459, 0.35477572679519653, 0.3354008197784424, 0.3197569251060486, 0.30753350257873535, 0.29790011048316956, 0.28954195976257324, 0.28098082542419434, 0.2740427851676941, 0.26675933599472046, 0.2640787363052368, 0.26237887144088745, 0.2602347135543823, 0.25698766112327576, 0.2530103325843811, 0.2484620064496994, 0.24808968603610992, 0.24508270621299744, 0.2415028065443039, 0.2374725192785263, 0.23296812176704407, 0.22874648869037628, 0.22655336558818817, 0.2192685753107071, 0.21627280116081238, 0.23545187711715698, 0.22192296385765076, 0.2164371758699417, 0.21298356354236603, 0.21069657802581787, 0.2086731642484665, 0.20710982382297516, 0.20583532750606537, 0.2043834626674652, 0.20313897728919983, 0.20198433101177216, 0.20089906454086304, 0.19973455369472504, 0.19877803325653076, 0.19781316816806793, 0.19688571989536285, 0.19603736698627472, 0.19525115191936493, 0.19441907107830048, 0.1937032788991928, 0.1927863359451294, 0.19194480776786804, 0.19105707108974457, 0.19007425010204315, 0.18923871219158173, 0.1884876936674118, 0.1878746896982193, 0.18726474046707153, 0.18660986423492432, 0.18598751723766327, 0.1853557676076889, 0.18480385839939117, 0.18418604135513306, 0.18374969065189362, 0.18307054042816162, 0.1825408637523651, 0.18201938271522522, 0.1814277172088623, 0.1809040606021881, 0.18035732209682465, 0.1798267364501953, 0.17937211692333221, 0.17876970767974854, 0.1782790869474411, 0.17769956588745117, 0.17724792659282684, 0.17677445709705353, 0.17612506449222565, 0.17569340765476227, 0.17526237666606903, 0.1747187077999115, 0.17426392436027527, 0.17153790593147278, 0.1714283525943756, 0.17132699489593506, 0.1712338775396347, 0.17114676535129547, 0.17106880247592926, 0.17099303007125854, 0.1709207147359848, 0.17084701359272003, 0.17078199982643127], "accuracy": [0.7174796462059021, 0.5670731663703918, 0.5203251838684082, 0.5853658318519592, 0.6585366129875183, 0.45325204730033875, 0.49593496322631836, 0.5873983502388, 0.6382113695144653, 0.5955284833908081, 0.5508130192756653, 0.6585366129875183, 0.4918699264526367, 0.5569105744361877, 0.642276406288147, 0.6605691313743591, 0.672764241695404, 0.6707317233085632, 0.6808943152427673, 0.6808943152427673, 0.6808943152427673, 0.6788617968559265, 0.6768292784690857, 0.672764241695404, 0.6747967600822449, 0.6768292784690857, 0.6788617968559265, 0.6788617968559265, 0.6890243887901306, 0.6869918704032898, 0.6788617968559265, 0.6768292784690857, 0.6788617968559265, 0.6951219439506531, 0.684959352016449, 0.6829268336296082, 0.6930894255638123, 0.6829268336296082, 0.6605691313743591, 0.6605691313743591, 0.6585366129875183, 0.6544715166091919, 0.6524389982223511, 0.6544715166091919, 0.6565040946006775, 0.6565040946006775, 0.6565040946006775, 0.6605691313743591, 0.6605691313743591, 0.6605691313743591, 0.6605691313743591, 0.6585366129875183, 0.6585366129875183, 0.6626016497612, 0.6626016497612, 0.6585366129875183, 0.6605691313743591, 0.6605691313743591, 0.6605691313743591, 0.6605691313743591, 0.6585366129875183, 0.6605691313743591, 0.6605691313743591, 0.6626016497612, 0.6626016497612, 0.6626016497612, 0.6646341681480408, 0.6646341681480408, 0.6686992049217224, 0.672764241695404, 0.6747967600822449, 0.6808943152427673, 0.6829268336296082, 0.6829268336296082, 0.6829268336296082, 0.6808943152427673, 0.6808943152427673, 0.6829268336296082, 0.6808943152427673, 0.6808943152427673, 0.6808943152427673, 0.6808943152427673, 0.6808943152427673, 0.6808943152427673, 0.6808943152427673, 0.6808943152427673, 0.6808943152427673, 0.6829268336296082, 0.6829268336296082, 0.6869918704032898, 0.6788617968559265, 0.6808943152427673, 0.6808943152427673, 0.6788617968559265, 0.6788617968559265, 0.6788617968559265, 0.6788617968559265, 0.6768292784690857, 0.6788617968559265, 0.6788617968559265], "val_loss": [10.464309692382812, 5.27159309387207, 3.3050460815429688, 8.880062103271484, 2.9784181118011475, 3.8257791996002197, 1.5032631158828735, 2.396390199661255, 3.6731603145599365, 4.136078834533691, 2.481997489929199, 2.621181011199951, 0.4198581576347351, 0.352655291557312, 0.3343081474304199, 0.3253338932991028, 0.31650710105895996, 0.30742982029914856, 0.2975687086582184, 0.2859761118888855, 0.28167039155960083, 0.2783333361148834, 0.2795966863632202, 0.2729003429412842, 0.26665282249450684, 0.26061591506004333, 0.2555285692214966, 0.24888400733470917, 0.24978965520858765, 0.24445155262947083, 0.2419353872537613, 0.23893697559833527, 0.23851469159126282, 0.2423733025789261, 0.2478829324245453, 0.24174945056438446, 0.24945814907550812, 0.24302849173545837, 0.21735115349292755, 0.20939116179943085, 0.20497828722000122, 0.20257025957107544, 0.20090171694755554, 0.19962647557258606, 0.198749378323555, 0.1979324221611023, 0.19734100997447968, 0.19680972397327423, 0.1962880641222, 0.1957596242427826, 0.19534896314144135, 0.1948518306016922, 0.19438576698303223, 0.1938299834728241, 0.19341407716274261, 0.19302703440189362, 0.19274765253067017, 0.19243574142456055, 0.1920398473739624, 0.19175270199775696, 0.1913723647594452, 0.19109520316123962, 0.19084297120571136, 0.19066351652145386, 0.19047291576862335, 0.1901753544807434, 0.19009172916412354, 0.18983179330825806, 0.1898346096277237, 0.18956249952316284, 0.18959881365299225, 0.18940164148807526, 0.18925894796848297, 0.18930315971374512, 0.18915453553199768, 0.18902629613876343, 0.18902981281280518, 0.18889708817005157, 0.18875400722026825, 0.18861794471740723, 0.18871913850307465, 0.18847069144248962, 0.18855558335781097, 0.188376322388649, 0.18828576803207397, 0.18819689750671387, 0.18846984207630157, 0.18827921152114868, 0.18853764235973358, 0.1885703206062317, 0.18839621543884277, 0.18823997676372528, 0.18810293078422546, 0.18797869980335236, 0.18787065148353577, 0.18777164816856384, 0.18768231570720673, 0.18759925663471222, 0.18753670156002045, 0.18747244775295258],