{"loss": [0.516726016998291, 0.3261009752750397, 0.2840867340564728, 0.2637014389038086, 0.2554924786090851, 0.2442770153284073, 0.23273347318172455, 0.22389797866344452, 0.2178698480129242, 0.21319067478179932, 0.2088439017534256, 0.20524607598781586, 0.33725494146347046, 0.27137836813926697, 0.25482121109962463, 0.24433322250843048, 0.23734314739704132, 0.23161348700523376, 0.22707784175872803, 0.22330087423324585, 0.21994450688362122, 0.21719636023044586, 0.21459902822971344, 0.21230588853359222, 0.21012699604034424, 0.20858527719974518, 0.20744188129901886, 0.2065843790769577, 0.20591382682323456, 0.20537501573562622, 0.20491497218608856, 0.20449568331241608, 0.20412412285804749, 0.20378336310386658, 0.20345397293567657, 0.20313651859760284, 0.20199444890022278, 0.20195919275283813, 0.20192377269268036, 0.20188887417316437, 0.20185385644435883, 0.20172590017318726, 0.20172245800495148, 0.2017190009355545, 0.2017154097557068, 0.20171190798282623, 0.20169910788536072, 0.20169883966445923, 0.20169849693775177, 0.2016982138156891, 0.2016979306936264, 0.20169655978679657, 0.20169655978679657, 0.20169652998447418, 0.2016965001821518, 0.2016964852809906, 0.2016964703798294, 0.2016964554786682, 0.2016964703798294, 0.2016964703798294], "accuracy": [0.46112117171287537, 0.6202531456947327, 0.685352623462677, 0.6745027303695679, 0.6925858855247498, 0.6889692544937134, 0.6998191475868225, 0.6871609687805176, 0.6962025165557861, 0.6962025165557861, 0.7088607549667358, 0.6998191475868225, 0.6491862535476685, 0.6690777540206909, 0.6690777540206909, 0.6708860993385315, 0.6745027303695679, 0.6781193614006042, 0.6781193614006042, 0.6799276471138, 0.685352623462677, 0.6925858855247498, 0.6962025165557861, 0.7088607549667358, 0.7052441239356995, 0.7052441239356995, 0.7016274929046631, 0.6998191475868225, 0.6998191475868225, 0.6998191475868225, 0.6980108618736267, 0.6980108618736267, 0.6998191475868225, 0.6998191475868225, 0.6998191475868225, 0.6998191475868225, 0.6998191475868225, 0.6998191475868225, 0.6998191475868225, 0.6998191475868225, 0.6998191475868225, 0.6998191475868225, 0.6998191475868225, 0.6998191475868225, 0.6998191475868225, 0.6998191475868225, 0.6998191475868225, 0.6998191475868225, 0.6998191475868225, 0.6998191475868225, 0.6998191475868225, 0.6998191475868225, 0.6998191475868225, 0.6998191475868225, 0.6998191475868225, 0.6998191475868225, 0.6998191475868225, 0.6998191475868225, 0.6998191475868225, 0.6998191475868225], "val_loss": [0.5442473888397217, 0.5426666140556335, 0.5240741968154907, 0.4950236976146698, 0.50813227891922, 0.4897339642047882, 0.47508546710014343, 0.48818379640579224, 0.5043016672134399, 0.5171318650245667, 0.5170815587043762, 0.5259572267532349, 0.34781980514526367, 0.3366253077983856, 0.33115601539611816, 0.3279583752155304, 0.326818585395813, 0.32639798521995544, 0.32679134607315063, 0.32707083225250244, 0.32767555117607117, 0.32845404744148254, 0.3291734755039215, 0.32602062821388245, 0.3239549994468689, 0.32265108823776245, 0.321849524974823, 0.32135581970214844, 0.32106876373291016, 0.3209007680416107, 0.3207908272743225, 0.320730984210968, 0.3207279443740845, 0.3207460343837738, 0.32080376148223877, 0.3208824396133423, 0.32088449597358704, 0.3208870589733124, 0.32088929414749146, 0.3208928108215332, 0.32089611887931824, 0.32089635729789734, 0.3208964765071869, 0.3208966553211212, 0.3208969533443451, 0.3208971321582794, 0.3208969235420227, 0.32089686393737793, 0.32089680433273315, 0.3208966851234436, 0.32089656591415405, 0.32089659571647644, 0.32089659571647644, 0.32089659571647644, 0.3208966851234436, 0.3208966851234436, 0.3208966851234436, 0.3208966851234436, 0.3208966851234436, 0.3208966851234436], "val_accuracy": [0.6107382774353027, 0.6778523325920105, 0.6442952752113342, 0.6308724880218506, 0.6711409687995911, 0.6577181220054626, 0.6510066986083984, 0.6107382774353027, 0.6107382774353027, 0.6375839114189148, 0.6577181220054626, 0.6577181220054626, 0.6778523325920105, 0.6912751793861389, 0.6912751793861389, 0.6912751793861389, 0.7046979665756226, 0.7114093899726868, 0.718120813369751, 0.7315436005592346, 0.7315436005592346, 0.7315436005592346, 0.7315436005592346, 0.7315436005592346, 0.7315436005592346, 0.7315436005592346, 0.7315436005592346, 0.7248322367668152, 0.7114093899726868, 0.7114093899726868, 0.7114093899726868, 0.7114093899726868, 0.7114093899726868, 0.7114093899726868, 0.7114093899726868, 0.7046979665756226, 0.7046979665756226, 0.7046979665756226, 0.7046979665756226, 0.7046979665756226, 0.7046979665756226, 0.7046979665756226, 0.7046979665756226, 0.7046979665756226, 0.7046979665756226, 0.7046979665756226, 0.7046979665756226, 0.7046979665756226, 0.7046979665756226, 0.7046979665756226, 0.7046979665756226, 0.7046979665756226, 0.7046979665756226, 0.7046979665756226, 0.7046979665756226, 0.7046979665756226, 0.7046979665756226, 0.7046979665756226, 0.7046979665756226, 0.7046979665756226]}