{
    "loss": [
        0.4332745373249054,
        0.2494969218969345,
        0.21042652428150177,
        0.18977507948875427,
        0.17935945093631744,
        0.1710669994354248,
        0.16756612062454224,
        0.1596497893333435,
        0.15765686333179474,
        0.15398350358009338,
        0.1514354646205902,
        0.14576749503612518,
        0.14038850367069244,
        0.13541807234287262,
        0.13201603293418884,
        0.12813465297222137,
        0.13246621191501617,
        0.13199757039546967,
        0.1313108652830124,
        0.12820692360401154,
        0.12512917816638947,
        0.12247679382562637,
        0.11707855761051178,
        0.11827933043241501,
        0.11411041021347046,
        0.10984449088573456,
        0.11119703203439713,
        0.23995806276798248,
        0.17360273003578186,
        0.15938080847263336,
        0.15084877610206604,
        0.1444883793592453,
        0.13942445814609528,
        0.13500182330608368,
        0.1310608685016632,
        0.1275549978017807,
        0.12466172128915787,
        0.1221177950501442,
        0.11956211179494858,
        0.11713705211877823,
        0.11518048495054245,
        0.11335435509681702,
        0.11117392778396606,
        0.10932856053113937,
        0.10763726383447647,
        0.10611024498939514,
        0.10453242808580399,
        0.10280739516019821,
        0.10146850347518921,
        0.10004410147666931,
        0.0948718786239624,
        0.09435298293828964,
        0.09394349902868271,
        0.093600794672966,
        0.09329216927289963,
        0.09301112592220306,
        0.09278023988008499,
        0.09256620705127716,
        0.09235997498035431,
        0.09216275811195374
    ],
    "accuracy": [
        0.45286884903907776,
        0.5819672346115112,
        0.6454917788505554,
        0.6721311211585999,
        0.686475396156311,
        0.6844262480735779,
        0.7049180269241333,
        0.6987704634666443,
        0.7090163826942444,
        0.7069672346115112,
        0.7131147384643555,
        0.7151639461517334,
        0.7090163826942444,
        0.7459016442298889,
        0.7377049326896667,
        0.7274590134620667,
        0.7397540807723999,
        0.756147563457489,
        0.756147563457489,
        0.7643442749977112,
        0.7418032884597778,
        0.7540983557701111,
        0.75,
        0.7315573692321777,
        0.75,
        0.7540983557701111,
        0.743852436542511,
        0.743852436542511,
        0.7540983557701111,
        0.7520492076873779,
        0.756147563457489,
        0.7643442749977112,
        0.7622950673103333,
        0.7602459192276001,
        0.7581967115402222,
        0.7520492076873779,
        0.7520492076873779,
        0.7540983557701111,
        0.7540983557701111,
        0.7540983557701111,
        0.7540983557701111,
        0.7540983557701111,
        0.7540983557701111,
        0.7520492076873779,
        0.7520492076873779,
        0.7520492076873779,
        0.7520492076873779,
        0.7520492076873779,
        0.7540983557701111,
        0.7540983557701111,
        0.756147563457489,
        0.756147563457489,
        0.756147563457489,
        0.756147563457489,
        0.756147563457489,
        0.756147563457489,
        0.756147563457489,
        0.7581967115402222,
        0.7581967115402222,
        0.7602459192276001
    ],
    "val_loss": [
        1.3518589735031128,
        1.1269937753677368,
        1.022109031677246,
        1.001649022102356,
        0.875454843044281,
        0.8483445644378662,
        0.8433323502540588,
        0.823229968547821,
        0.8933160305023193,
        0.7749683260917664,
        0.7794990539550781,
        0.7423102259635925,
        0.7547075152397156,
        0.7884448766708374,
        0.735622227191925,
        0.7091624140739441,
        0.714701771736145,
        0.7012114524841309,
        0.6889693140983582,
        0.711001455783844,
        0.7104711532592773,
        0.681733250617981,
        0.7413250207901001,
        0.7111809849739075,
        0.7146934270858765,
        0.7062446475028992,
        0.7232584953308105,
        0.4222337603569031,
        0.40758925676345825,
        0.4022526443004608,
        0.39920729398727417,
        0.39753368496894836,
        0.39644554257392883,
        0.39592432975769043,
        0.3957972526550293,
        0.3963058888912201,
        0.3960038423538208,
        0.3956034779548645,
        0.3955538272857666,
        0.3955049216747284,
        0.39536523818969727,
        0.3953597843647003,
        0.3956807255744934,
        0.39511802792549133,
        0.39500442147254944,
        0.39528074860572815,
        0.3951722979545593,
        0.3964519798755646,
        0.39606335759162903,
        0.3972446322441101,
        0.39616891741752625,
        0.395344614982605,
        0.39467838406562805,
        0.3941539525985718,
        0.39372116327285767,
        0.39342352747917175,
        0.39316555857658386,
        0.3929397463798523,
        0.3927702009677887,
        0.3926120400428772
    ],
    "val_accuracy": [
        0.27819550037384033,
        0.39849624037742615,
        0.48120301961898804,
        0.5714285969734192,
        0.6090225577354431,
        0.61654132604599,
        0.61654132604599,
        0.6240601539611816,
        0.6240601539611816,
        0.6315789222717285,
        0.6315789222717285,
        0.646616518497467,
        0.6240601539611816,
        0.6691729426383972,
        0.6766917109489441,
        0.6616541147232056,
        0.6917293071746826,
        0.6616541147232056,
        0.6691729426383972,
        0.6616541147232056,
        0.7067669034004211,
        0.6842105388641357,
        0.6691729426383972,
        0.6992481350898743,
        0.6541353464126587,
        0.6616541147232056,
        0.6616541147232056,
        0.7293233275413513,
        0.7293233275413513,
        0.7368420958518982,
        0.7368420958518982,
        0.7368420958518982,
        0.7368420958518982,
        0.7368420958518982,
        0.7293233275413513,
        0.7293233275413513,
        0.7293233275413513,
        0.7293233275413513,
        0.7293233275413513,
        0.7293233275413513,
        0.7293233275413513,
        0.7293233275413513,
        0.7293233275413513,
        0.7293233275413513,
        0.7293233275413513,
        0.7293233275413513,
        0.7293233275413513,
        0.7293233275413513,
        0.7293233275413513,
        0.7293233275413513,
        0.7293233275413513,
        0.7293233275413513,
        0.7293233275413513,
        0.7293233275413513,
        0.7293233275413513,
        0.7293233275413513,
        0.7293233275413513,
        0.7293233275413513,
        0.7293233275413513,
        0.7293233275413513
    ]
}